candidate_id,job_id,skill_overlap,exp_match_norm,semantic_similarity,verified_score_norm,loc_salary_match,domain_match,label
C0001,J0116,0.0,1.0,0.0887,0.941,0.5,0,0
C0001,J0136,0.0,1.0,0.0935,0.941,0.5,0,0
C0001,J0039,0.125,1.0,0.1471,0.941,0.5,0,1
C0001,J0152,0.0,0.6,0.0887,0.941,1.0,0,0
C0002,J0002,0.125,0.4,0.1518,0.723,0.5,0,0
C0002,J0060,0.0,0.2,0.0964,0.723,0.5,0,0
C0002,J0118,0.0,0.4,0.1016,0.723,0.0,0,0
C0002,J0152,0.0,0.0,0.0964,0.723,0.5,0,0
C0003,J0019,0.0,0.8,0.0887,0.679,0.0,0,0
C0003,J0112,0.1429,0.7,0.1565,0.679,0.5,0,1
C0003,J0166,0.1111,0.9,0.1323,0.679,0.0,0,0
C0003,J0197,0.1111,0.8,0.1323,0.679,0.5,0,0
C0004,J0137,0.0,0.3,0.0973,0.645,0.0,0,0
C0004,J0186,0.0,0.4,0.1123,0.645,0.0,0,0
C0004,J0032,0.0,0.5,0.1066,0.645,1.0,0,0
C0004,J0092,0.0,0.1,0.1016,0.645,0.0,0,0
C0005,J0042,0.0,1.0,0.1123,0.751,0.5,0,0
C0005,J0124,0.0,0.8,0.1016,0.751,0.0,0,0
C0005,J0112,0.2,1.0,0.1898,0.751,0.0,0,0
C0005,J0127,0.0,1.0,0.1191,0.751,0.0,0,0
C0006,J0198,0.0,0.8,0.0964,0.733,1.0,0,0
C0006,J0066,0.0,0.7,0.0787,0.733,0.5,0,0
C0006,J0155,0.5,0.9,0.4414,0.733,0.5,1,1
C0006,J0117,0.1429,0.6,0.1604,0.733,1.0,0,0
C0007,J0076,0.0,0.5,0.0762,0.85,0.5,0,0
C0007,J0041,0.0,0.4,0.0843,0.85,1.0,0,0
C0007,J0170,0.0,0.4,0.073,0.85,1.0,0,0
C0007,J0015,0.0,0.5,0.08,0.85,1.0,0,0
C0008,J0039,0.2222,0.7,0.3446,0.89,1.0,1,1
C0008,J0009,0.0,0.6,0.0846,0.89,0.5,0,0
C0008,J0057,0.4444,0.6,0.4503,0.89,0.5,1,1
C0008,J0174,0.0,0.8,0.0724,0.89,1.0,0,0
C0009,J0179,0.0,0.9,0.1066,0.929,0.5,0,0
C0009,J0134,0.2857,0.8,0.267,0.929,0.0,1,1
C0009,J0153,0.0,0.8,0.0923,0.929,0.5,0,0
C0009,J0040,0.0,0.8,0.0923,0.929,1.0,0,0
C0010,J0080,0.1,0.2,0.1415,0.927,0.5,0,0
C0010,J0172,0.0,0.5,0.0723,0.927,1.0,0,0
C0010,J0025,0.1,0.6,0.2606,0.927,1.0,1,1
C0010,J0028,0.0,0.2,0.0855,0.927,0.5,0,0
C0011,J0135,0.0,0.8,0.0919,0.756,1.0,0,0
C0011,J0174,0.0,0.9,0.0787,0.756,0.5,0,0
C0011,J0092,0.0,0.4,0.0919,0.756,0.5,0,0
C0011,J0137,0.0,0.6,0.088,0.756,1.0,0,0
C0012,J0146,0.125,0.5,0.1444,0.531,0.5,0,0
C0012,J0062,0.1429,0.7,0.2129,0.531,1.0,1,1
C0012,J0053,0.4,0.6,0.3809,0.531,1.0,1,1
C0012,J0176,0.0,0.5,0.1604,0.531,0.5,1,0
C0013,J0199,0.0,0.5,0.088,0.652,0.5,0,0
C0013,J0132,0.0,0.4,0.088,0.652,0.5,0,0
C0013,J0009,0.0,0.5,0.088,0.652,0.5,0,0
C0013,J0077,0.0,0.2,0.0843,0.652,0.5,0,0
C0014,J0026,0.4,0.4,0.4266,0.734,0.5,1,0
C0014,J0114,0.0,0.5,0.1123,0.734,1.0,0,0
C0014,J0096,0.0,0.6,0.1066,0.734,1.0,0,0
C0014,J0170,0.0,0.5,0.0973,0.734,1.0,0,0
C0015,J0003,0.4286,0.7,0.3973,0.88,1.0,1,1
C0015,J0059,0.2857,0.5,0.2061,0.88,1.0,0,1
C0015,J0200,0.125,0.5,0.1471,0.88,1.0,0,1
C0015,J0195,0.0,0.3,0.0846,0.88,0.5,0,0
C0016,J0128,0.0,0.4,0.1587,0.959,1.0,0,0
C0016,J0042,0.0,0.5,0.0901,0.959,1.0,0,0
C0016,J0172,0.0,0.5,0.1587,0.959,1.0,0,0
C0016,J0130,0.0,0.5,0.0855,0.959,1.0,0,0
C0017,J0159,0.0,0.7,0.0919,0.61,0.5,0,0
C0017,J0010,0.0,0.7,0.0919,0.61,0.5,0,0
C0017,J0138,0.0,0.8,0.138,0.61,0.5,0,0
C0017,J0076,0.0,0.7,0.0919,0.61,0.5,0,0
C0018,J0035,0.0,0.9,0.0919,0.675,0.5,0,0
C0018,J0151,0.0,0.7,0.0919,0.675,1.0,0,0
C0018,J0185,0.0,0.7,0.088,0.675,0.5,0,0
C0018,J0070,0.2,0.6,0.2413,0.675,1.0,1,1
C0019,J0049,0.0,0.9,0.0887,0.806,0.5,0,0
C0019,J0153,0.0,1.0,0.081,0.806,0.5,0,0
C0019,J0162,0.0,1.0,0.1391,0.806,0.5,0,0
C0019,J0006,0.0,0.9,0.1265,0.806,0.5,0,0
C0020,J0119,0.25,0.4,0.33,0.7,0.5,1,1
C0020,J0101,0.0,0.7,0.0901,0.7,0.5,0,0
C0020,J0164,0.1,0.4,0.1339,0.7,0.5,0,0
C0020,J0090,0.0,0.4,0.0901,0.7,0.5,0,0
C0021,J0158,0.0,0.8,0.1898,0.855,0.0,0,0
C0021,J0026,0.0,0.7,0.1565,0.855,1.0,0,0
C0021,J0165,0.0,0.7,0.1032,0.855,1.0,0,0
C0021,J0038,0.25,0.7,0.3609,0.855,0.5,1,1
C0022,J0056,0.0,0.6,0.0919,0.722,1.0,0,0
C0022,J0024,0.0,0.9,0.0919,0.722,0.5,0,0
C0022,J0042,0.0,0.7,0.1016,0.722,0.5,0,0
C0022,J0094,0.0,0.7,0.1016,0.722,0.5,0,0
C0023,J0047,0.375,0.7,0.3924,0.766,0.5,1,1
C0023,J0057,0.1,0.5,0.138,0.766,0.5,0,0
C0023,J0026,0.0,0.4,0.081,0.766,0.0,0,0
C0023,J0019,0.0,0.5,0.0923,0.766,0.5,0,0
C0024,J0041,0.0,0.6,0.1123,0.657,1.0,0,0
C0024,J0092,0.1667,0.3,0.2988,0.657,0.5,1,0
C0024,J0082,0.0,0.8,0.1123,0.657,0.5,0,0
C0024,J0121,0.0,0.6,0.0973,0.657,1.0,0,0
C0025,J0041,0.0,1.0,0.2523,0.842,0.5,1,0
C0025,J0088,0.0,1.0,0.0973,0.842,0.5,0,0
C0025,J0130,0.1667,1.0,0.1687,0.842,0.0,0,0
C0025,J0168,0.0,1.0,0.0935,0.842,0.0,0,0
C0026,J0095,0.0,0.6,0.1078,0.921,1.0,0,0
C0026,J0105,0.0,0.6,0.113,0.921,0.5,0,0
C0026,J0125,0.0,0.7,0.1191,0.921,1.0,0,0
C0026,J0196,0.0,0.6,0.0956,0.921,0.5,0,0
C0027,J0057,0.0,0.3,0.0846,1.0,0.5,0,0
C0027,J0042,0.0,0.3,0.0935,1.0,0.5,0,0
C0027,J0183,0.0,0.3,0.0887,1.0,0.5,0,0
C0027,J0167,0.0,0.3,0.0992,1.0,0.5,0,0
C0028,J0192,0.0,1.0,0.0935,0.889,0.5,0,0
C0028,J0105,0.0,0.8,0.1066,0.889,1.0,0,0
C0028,J0060,0.0,0.8,0.1066,0.889,0.5,0,0
C0028,J0195,0.0,0.6,0.1016,0.889,1.0,0,0
C0029,J0145,0.0,0.2,0.0973,0.537,0.0,0,0
C0029,J0090,0.0,0.2,0.0973,0.537,0.5,0,0
C0029,J0104,0.0,0.2,0.1318,0.537,0.0,0,0
C0029,J0037,0.0,0.5,0.0923,0.537,0.5,0,0
C0030,J0105,0.0,0.9,0.0964,0.503,1.0,0,0
C0030,J0113,0.4286,1.0,0.3809,0.503,0.5,1,1
C0030,J0121,0.1,1.0,0.138,0.503,0.5,0,0
C0030,J0032,0.125,1.0,0.1518,0.503,0.5,0,0
C0031,J0098,0.0,0.7,0.1032,0.625,1.0,0,0
C0031,J0049,0.1111,0.6,0.145,0.625,1.0,0,0
C0031,J0005,0.4286,0.4,0.4176,0.625,0.5,1,1
C0031,J0176,0.0,0.7,0.0973,0.625,1.0,0,0
C0032,J0198,0.0,0.6,0.0887,1.0,1.0,0,0
C0032,J0137,0.0,0.4,0.081,1.0,0.5,0,0
C0032,J0193,0.0,0.2,0.0887,1.0,0.5,0,0
C0032,J0181,0.0,0.5,0.0935,1.0,1.0,0,0
C0033,J0119,0.0,0.6,0.0901,0.991,1.0,0,0
C0033,J0198,0.0,0.8,0.0855,0.991,1.0,0,0
C0033,J0184,0.0,0.9,0.0901,0.991,0.5,0,0
C0033,J0071,0.0,0.6,0.0901,0.991,1.0,0,0
C0034,J0157,0.0,0.7,0.1191,0.699,0.5,0,0
C0034,J0134,0.0,0.7,0.1032,0.699,0.5,0,0
C0034,J0068,0.0,0.6,0.113,0.699,0.5,0,0
C0034,J0070,0.0,0.6,0.1264,0.699,1.0,0,0
C0035,J0021,0.0,0.8,0.113,0.547,0.5,0,0
C0035,J0163,0.0,1.0,0.0964,0.547,0.5,0,0
C0035,J0130,0.0,0.8,0.1011,0.547,0.0,0,0
C0035,J0036,0.0,0.8,0.1011,0.547,0.5,0,0
C0036,J0141,0.0,0.8,0.088,0.47,0.0,0,0
C0036,J0200,0.0,0.7,0.0973,0.47,0.5,0,0
C0036,J0022,0.125,0.7,0.145,0.47,0.5,0,0
C0036,J0087,0.0,0.7,0.088,0.47,0.5,0,0
C0037,J0093,0.4286,0.7,0.33,0.903,1.0,1,1
C0037,J0053,0.2857,1.0,0.33,0.903,0.5,1,1
C0037,J0087,0.0,0.9,0.0815,0.903,0.5,0,0
C0037,J0031,0.0,1.0,0.0855,0.903,0.5,0,0
C0038,J0153,0.5,0.4,0.4745,0.765,0.0,1,1
C0038,J0175,0.0,0.3,0.0846,0.765,0.5,0,0
C0038,J0157,0.0,0.4,0.1016,0.765,0.0,0,0
C0038,J0185,0.0,0.4,0.088,0.765,0.0,0,0
C0039,J0167,0.0,0.8,0.0992,0.828,0.0,0,0
C0039,J0194,0.0,0.5,0.0887,0.828,0.5,0,0
C0039,J0026,0.0,0.7,0.0778,0.828,0.5,0,0
C0039,J0102,0.0,0.7,0.0846,0.828,0.5,0,0
C0040,J0165,0.0,0.6,0.081,0.844,1.0,0,0
C0040,J0102,0.0,0.6,0.0846,0.844,0.5,0,0
C0040,J0024,0.0,0.9,0.0846,0.844,0.5,0,0
C0040,J0055,0.0,0.9,0.0887,0.844,0.5,0,0
C0041,J0156,0.0,0.4,0.0992,0.517,0.0,0,0
C0041,J0093,0.4286,0.1,0.3446,0.517,0.0,1,1
C0041,J0070,0.2857,0.3,0.2917,0.517,0.5,1,1
C0041,J0147,0.1111,0.4,0.1391,0.517,0.0,0,0
C0042,J0053,0.0,0.7,0.0973,0.678,1.0,0,0
C0042,J0085,0.0,0.3,0.0973,0.678,0.5,0,0
C0042,J0021,0.0,0.6,0.1032,0.678,1.0,0,0
C0042,J0067,0.0,0.6,0.1032,0.678,0.5,0,0
C0043,J0130,0.0,0.6,0.1011,0.817,1.0,0,0
C0043,J0173,0.0,0.7,0.0964,0.817,1.0,0,0
C0043,J0004,0.0,0.8,0.0964,0.817,0.5,0,0
C0043,J0106,0.0,0.6,0.0964,0.817,1.0,0,0
C0044,J0157,0.0,0.7,0.1066,0.786,1.0,0,0
C0044,J0052,0.0,0.9,0.1011,0.786,0.5,0,0
C0044,J0093,0.1667,0.4,0.2379,0.786,0.5,1,1
C0044,J0072,0.0,0.8,0.1518,0.786,0.5,0,0
C0045,J0105,0.2,0.2,0.3391,0.597,0.5,1,0
C0045,J0173,0.75,0.4,0.5149,0.597,0.5,1,0
C0045,J0053,0.0,0.4,0.1191,0.597,0.5,0,0
C0045,J0091,0.25,0.4,0.3609,0.597,0.5,1,0
C0046,J0200,0.0,0.4,0.1016,0.651,0.5,0,0
C0046,J0126,0.0,0.4,0.1016,0.651,0.5,0,0
C0046,J0085,0.0,0.2,0.1016,0.651,0.5,0,0
C0046,J0058,0.1111,0.2,0.138,0.651,0.5,0,0
C0047,J0053,0.0,1.0,0.087,0.956,0.0,0,0
C0047,J0071,0.0,0.9,0.087,0.956,0.5,0,0
C0047,J0080,0.0,0.7,0.087,0.956,0.5,0,0
C0047,J0180,0.0,0.7,0.0698,0.956,1.0,0,0
C0048,J0043,0.1111,0.7,0.1471,0.634,0.5,0,1
C0048,J0130,0.1,0.6,0.1391,0.634,0.5,0,1
C0048,J0084,0.5,0.5,0.4503,0.634,0.5,1,1
C0048,J0004,0.0909,0.8,0.1323,0.634,0.0,0,0
C0049,J0082,0.0,1.0,0.0973,0.949,0.0,0,0
C0049,J0145,0.0,0.7,0.0973,0.949,0.5,0,0
C0049,J0199,0.0,0.8,0.088,0.949,0.0,0,0
C0049,J0054,0.25,0.8,0.3382,0.949,0.5,1,1
C0050,J0180,0.0,0.2,0.0676,0.601,0.5,0,0
C0050,J0001,0.0,0.5,0.073,0.601,1.0,0,0
C0050,J0035,0.0,0.7,0.0762,0.601,1.0,0,0
C0050,J0192,0.0,0.6,0.0701,0.601,1.0,0,0
C0051,J0125,0.0,0.9,0.1191,0.851,0.5,0,0
C0051,J0126,0.25,0.8,0.3609,0.851,0.0,1,1
C0051,J0087,0.0,0.8,0.1078,0.851,0.5,0,0
C0051,J0066,0.0,0.9,0.0923,0.851,0.5,0,0
C0052,J0128,0.0,0.4,0.0855,0.868,0.5,0,0
C0052,J0035,0.0,0.7,0.0964,0.868,0.5,0,0
C0052,J0063,0.3333,0.7,0.2967,0.868,1.0,1,1
C0052,J0078,0.125,0.7,0.1391,0.868,0.5,0,1
C0053,J0115,0.5,0.9,0.5301,0.948,0.5,1,1
C0053,J0111,0.6,1.0,0.4898,0.948,0.0,1,1
C0053,J0150,0.0,0.9,0.0887,0.948,0.0,0,0
C0053,J0009,0.0,0.9,0.0846,0.948,0.5,0,0
C0054,J0124,0.0,0.4,0.0762,0.559,0.0,0,0
C0054,J0024,0.0,0.9,0.0762,0.559,0.5,0,0
C0054,J0075,0.0,0.8,0.0676,0.559,0.5,0,0
C0054,J0171,0.0,0.7,0.08,0.559,1.0,0,0
C0055,J0055,0.0,1.0,0.0855,0.785,0.5,0,0
C0055,J0084,0.0,0.9,0.0815,0.785,0.5,0,0
C0055,J0165,0.0,0.9,0.172,0.785,1.0,0,0
C0055,J0061,0.0,1.0,0.0855,0.785,0.0,0,0
C0056,J0028,0.3333,0.0,0.3847,0.956,0.5,1,0
C0056,J0047,0.0,0.5,0.0815,0.956,1.0,0,0
C0056,J0137,0.0,0.2,0.078,0.956,0.0,0,0
C0056,J0186,0.0,0.3,0.0901,0.956,0.5,0,0
C0057,J0034,0.1429,1.0,0.1604,0.622,0.0,0,0
C0057,J0061,0.0,0.9,0.1066,0.622,0.0,0,0
C0057,J0062,0.75,1.0,0.5044,0.622,0.0,1,1
C0057,J0106,0.3333,0.9,0.2988,0.622,0.0,1,1
C0058,J0006,0.0,0.4,0.1632,0.681,0.0,0,0
C0058,J0047,0.0,0.7,0.1078,0.681,1.0,0,0
C0058,J0140,0.0,0.7,0.1191,0.681,0.5,0,0
C0058,J0068,0.0,0.4,0.113,0.681,0.5,0,0
C0059,J0020,0.0,0.8,0.1066,0.786,0.5,0,0
C0059,J0022,0.0,0.7,0.1011,0.786,1.0,0,0
C0059,J0057,0.0,0.8,0.0964,0.786,0.5,0,0
C0059,J0171,0.0,0.8,0.1596,0.786,1.0,0,0
C0060,J0135,0.0,0.6,0.1078,0.629,1.0,0,0
C0060,J0056,0.0,0.4,0.1078,0.629,0.5,0,0
C0060,J0069,0.0,0.5,0.113,0.629,0.5,0,0
C0060,J0040,0.0,0.5,0.1032,0.629,0.5,0,0
C0061,J0053,0.0,0.8,0.0973,0.776,1.0,0,0
C0061,J0023,0.0,0.8,0.0923,0.776,0.5,0,0
C0061,J0065,0.1,0.7,0.138,0.776,0.0,0,0
C0061,J0009,0.0,0.7,0.088,0.776,0.5,0,0
C0062,J0090,0.0,0.5,0.1016,0.724,1.0,0,0
C0062,J0133,0.0,0.3,0.0919,0.724,0.5,0,0
C0062,J0157,0.1667,0.6,0.1604,0.724,1.0,0,1
C0062,J0142,0.0,0.3,0.0919,0.724,0.5,0,0
C0063,J0171,0.0,0.4,0.1391,0.37,0.5,0,0
C0063,J0176,0.2857,0.4,0.3446,0.37,0.5,1,1
C0063,J0082,0.0,0.6,0.0935,0.37,0.5,0,0
C0063,J0190,0.0,0.5,0.0846,0.37,0.5,0,0
C0064,J0137,0.0,0.4,0.0923,0.79,0.0,0,0
C0064,J0150,0.0,0.5,0.1011,0.79,0.5,0,0
C0064,J0031,0.0,0.5,0.1011,0.79,0.5,0,0
C0064,J0077,0.0,0.2,0.0923,0.79,0.0,0,0
C0065,J0107,0.0,1.0,0.075,0.593,0.5,0,0
C0065,J0168,0.0,1.0,0.075,0.593,0.0,0,0
C0065,J0183,0.0,1.0,0.0855,0.593,0.0,0,0
C0065,J0119,0.0,1.0,0.0901,0.593,0.5,0,0
C0066,J0044,0.0,0.0,0.1123,0.6,0.5,0,0
C0066,J0184,0.0,0.5,0.1123,0.6,1.0,0,0
C0066,J0114,0.0,0.3,0.1123,0.6,0.5,0,0
C0066,J0001,0.1667,0.3,0.1533,0.6,0.5,0,0
C0067,J0065,0.0,0.7,0.0964,0.374,1.0,0,0
C0067,J0156,0.0,0.7,0.1795,0.374,1.0,0,0
C0067,J0068,0.0,0.6,0.1011,0.374,1.0,0,0
C0067,J0160,0.0,0.8,0.1066,0.374,1.0,0,0
C0068,J0090,0.2857,0.9,0.3614,0.801,0.0,1,1
C0068,J0055,0.4286,1.0,0.4176,0.801,0.5,1,1
C0068,J0151,0.1,1.0,0.138,0.801,0.5,0,0
C0068,J0042,0.0,1.0,0.0973,0.801,0.5,0,0
C0069,J0171,0.0,1.0,0.0826,0.835,1.0,0,0
C0069,J0091,0.0,1.0,0.087,0.835,0.0,0,0
C0069,J0082,0.0,1.0,0.087,0.835,0.5,0,0
C0069,J0193,0.0,0.7,0.0826,0.835,1.0,0,0
C0070,J0093,0.3333,0.3,0.3158,0.615,0.5,1,1
C0070,J0127,0.0,0.6,0.113,0.615,1.0,0,0
C0070,J0014,0.0,0.3,0.1596,0.615,0.5,0,0
C0070,J0097,0.0,0.7,0.1976,0.615,1.0,0,0
C0071,J0171,0.5,0.4,0.4898,0.718,1.0,1,1
C0071,J0001,0.0,0.4,0.1796,0.718,1.0,0,0
C0071,J0080,0.0,0.1,0.0935,0.718,0.5,0,0
C0071,J0169,0.0,0.4,0.0846,0.718,0.5,0,0
C0072,J0057,0.0,0.9,0.0787,0.671,0.0,0,0
C0072,J0016,0.0,0.9,0.0826,0.671,0.5,0,0
C0072,J0040,0.3333,0.9,0.4582,0.671,1.0,1,1
C0072,J0039,0.0,1.0,0.087,0.671,0.5,0,0
C0073,J0192,0.0,0.7,0.0846,0.728,0.5,0,0
C0073,J0124,0.0,0.3,0.0919,0.728,0.5,0,0
C0073,J0101,0.0,0.8,0.1016,0.728,0.0,0,0
C0073,J0019,0.0,0.6,0.0964,0.728,0.0,0,0
C0074,J0172,0.0,0.7,0.0698,0.821,0.5,0,0
C0074,J0103,0.0,0.8,0.087,0.821,0.0,0,0
C0074,J0181,0.0,0.7,0.087,0.821,0.0,0,0
C0074,J0056,0.0,0.6,0.0787,0.821,1.0,0,0
C0075,J0079,0.0,0.9,0.1066,0.841,1.0,0,0
C0075,J0163,0.0,1.0,0.1016,0.841,0.5,0,0
C0075,J0194,0.4,0.7,0.4039,0.841,0.5,1,1
C0075,J0170,0.6,1.0,0.4484,0.841,0.5,1,1
C0076,J0063,0.125,0.5,0.145,0.674,1.0,0,1
C0076,J0054,0.125,0.3,0.145,0.674,0.5,0,0
C0076,J0082,0.1429,0.5,0.1533,0.674,1.0,0,1
C0076,J0098,0.0,0.3,0.1632,0.674,0.5,0,0
C0077,J0070,0.1111,0.5,0.1454,0.608,1.0,0,1
C0077,J0147,0.1,0.6,0.1292,0.608,0.5,0,0
C0077,J0168,0.5,0.6,0.5056,0.608,0.5,1,1
C0077,J0162,0.375,0.6,0.3643,0.608,0.5,1,1
C0078,J0101,0.0,1.0,0.1191,0.51,0.0,0,0
C0078,J0168,0.0,0.8,0.0992,0.51,0.0,0,0
C0078,J0080,0.0,0.5,0.1191,0.51,1.0,0,0
C0078,J0023,0.0,0.9,0.113,0.51,0.5,0,0
C0079,J0121,0.0,0.9,0.0923,0.593,0.5,0,0
C0079,J0065,0.0,0.9,0.0964,0.593,0.5,0,0
C0079,J0156,0.0,0.9,0.113,0.593,0.5,0,0
C0079,J0133,0.0,0.6,0.0964,0.593,1.0,0,0
C0080,J0046,0.0,0.8,0.0815,0.625,1.0,0,0
C0080,J0102,0.0,0.6,0.0815,0.625,0.5,0,0
C0080,J0082,0.0,0.9,0.0901,0.625,0.5,0,0
C0080,J0074,0.0,0.7,0.0815,0.625,0.5,0,0
C0081,J0161,0.5,0.6,0.494,0.62,0.5,1,1
C0081,J0048,0.0,0.5,0.0826,0.62,1.0,0,0
C0081,J0143,0.1429,0.6,0.3677,0.62,1.0,1,1
C0081,J0116,0.0,0.7,0.0826,0.62,0.0,0,0
C0082,J0111,0.0,1.0,0.1066,0.699,0.5,0,0
C0082,J0130,0.0,0.9,0.1066,0.699,0.5,0,0
C0082,J0144,0.0,0.8,0.1123,0.699,0.5,0,0
C0082,J0001,0.0,0.9,0.0973,0.699,0.5,0,0
C0083,J0150,0.0,0.3,0.1066,0.621,0.0,0,0
C0083,J0005,0.0,0.0,0.1066,0.621,0.5,0,0
C0083,J0034,0.1429,0.4,0.1604,0.621,0.5,0,0
C0083,J0138,0.1429,0.5,0.2842,0.621,1.0,1,1
C0084,J0043,0.0,0.5,0.1123,0.834,0.5,0,0
C0084,J0021,0.0,0.4,0.1191,0.834,0.0,0,0
C0084,J0055,0.0,0.6,0.1066,0.834,1.0,0,0
C0084,J0105,0.0,0.3,0.1066,0.834,0.0,0,0
C0085,J0003,0.0,0.6,0.0923,0.486,0.5,0,0
C0085,J0139,0.0,0.4,0.0973,0.486,0.5,0,0
C0085,J0128,0.4286,0.4,0.4133,0.486,0.5,1,0
C0085,J0072,0.5,0.6,0.4745,0.486,0.5,1,1
C0086,J0175,0.0,0.8,0.1323,0.886,0.5,0,0
C0086,J0019,0.0,0.9,0.0964,0.886,0.0,0,0
C0086,J0155,0.0,1.0,0.0964,0.886,0.5,0,0
C0086,J0152,0.0,0.6,0.0964,0.886,1.0,0,0
C0087,J0017,0.0,0.4,0.088,0.717,0.5,0,0
C0087,J0039,0.0,0.8,0.0973,0.717,1.0,0,0
C0087,J0087,0.4286,0.6,0.3924,0.717,1.0,1,1
C0087,J0090,0.0,0.6,0.0973,0.717,1.0,0,0
C0088,J0046,0.0,0.9,0.0964,0.574,0.5,0,0
C0088,J0001,0.125,0.8,0.145,0.574,0.5,0,0
C0088,J0168,0.0,0.8,0.0887,0.574,0.0,0,0
C0088,J0097,0.0,0.9,0.0887,0.574,1.0,0,0
C0089,J0124,0.0833,0.4,0.1323,0.864,0.5,0,0
C0089,J0047,0.1818,0.9,0.1844,0.864,0.5,0,1
C0089,J0007,0.0,0.7,0.075,0.864,1.0,0,0
C0089,J0017,0.0833,0.4,0.1323,0.864,0.5,0,0
C0090,J0058,0.0909,0.3,0.1318,0.886,0.5,0,0
C0090,J0012,0.0,0.6,0.0843,0.886,0.5,0,1
C0090,J0086,0.0,0.5,0.088,0.886,1.0,0,0
C0090,J0059,0.1111,0.5,0.1533,0.886,1.0,0,1
C0091,J0145,0.0,0.6,0.1066,0.634,1.0,0,0
C0091,J0174,0.0,0.9,0.0826,0.634,1.0,0,0
C0091,J0074,0.3333,0.7,0.2807,0.634,1.0,1,1
C0091,J0152,0.0,0.4,0.1596,0.634,0.5,0,0
C0092,J0191,0.0,1.0,0.1264,0.6,0.5,0,0
C0092,J0110,0.0,1.0,0.2543,0.6,0.5,1,0
C0092,J0067,0.0,1.0,0.1264,0.6,0.5,0,0
C0092,J0184,0.0,1.0,0.1191,0.6,0.5,0,0
C0093,J0046,0.0,0.8,0.088,0.423,1.0,0,0
C0093,J0028,0.0,0.4,0.0923,0.423,0.5,0,0
C0093,J0010,0.0,0.8,0.088,0.423,0.5,0,0
C0093,J0077,0.3333,0.4,0.4475,0.423,0.5,1,0
C0094,J0094,0.0,0.3,0.1191,0.677,0.5,0,0
C0094,J0034,0.4,0.4,0.4112,0.677,0.0,1,1
C0094,J0097,0.0,0.4,0.0992,0.677,0.5,0,0
C0094,J0008,0.0,0.5,0.1078,0.677,1.0,0,0
C0095,J0037,0.0,1.0,0.0923,0.837,0.0,0,0
C0095,J0177,0.125,0.5,0.1632,0.837,1.0,0,1
C0095,J0136,0.0,0.9,0.0973,0.837,0.0,0,0
C0095,J0150,0.0,0.8,0.0923,0.837,0.0,0,0
C0096,J0104,0.0,0.5,0.1032,0.617,0.5,0,0
C0096,J0115,0.0,0.6,0.0956,0.617,1.0,0,0
C0096,J0119,0.0,0.5,0.1191,0.617,1.0,0,0
C0096,J0162,0.0,0.6,0.113,0.617,1.0,0,0
C0097,J0190,0.0,0.4,0.0815,0.91,0.0,0,0
C0097,J0194,0.0,0.0,0.0855,0.91,0.0,0,0
C0097,J0140,0.0,0.5,0.0901,0.91,0.0,0,0
C0097,J0058,0.0,0.0,0.078,0.91,0.5,0,0
C0098,J0065,0.125,0.5,0.1444,0.683,1.0,0,1
C0098,J0154,0.0,0.5,0.1016,0.683,1.0,0,0
C0098,J0162,0.1429,0.5,0.1518,0.683,1.0,0,0
C0098,J0131,0.1667,0.2,0.2413,0.683,0.5,1,1
C0099,J0135,0.4286,0.4,0.4148,0.732,0.5,1,1
C0099,J0033,0.0,0.5,0.0787,0.732,0.5,0,0
C0099,J0008,0.125,0.5,0.1444,0.732,1.0,0,0
C0099,J0021,0.0,0.3,0.1078,0.732,0.0,0,0
C0100,J0025,0.0,0.7,0.0901,1.0,1.0,0,0
C0100,J0057,0.0,0.6,0.0815,1.0,0.5,0,0
C0100,J0199,0.0,0.6,0.0815,1.0,0.5,0,0
C0100,J0059,0.0,0.5,0.0901,1.0,1.0,0,0
C0101,J0091,0.0,0.6,0.2523,0.784,0.5,1,1
C0101,J0105,0.75,0.4,0.5044,0.784,0.5,1,1
C0101,J0032,0.0,0.6,0.1066,0.784,1.0,0,0
C0101,J0070,0.0,0.4,0.1191,0.784,1.0,0,0
C0102,J0082,0.0,0.7,0.0973,0.758,0.0,0,0
C0102,J0107,0.1,0.5,0.1265,0.758,0.5,0,0
C0102,J0100,0.0,0.7,0.0973,0.758,0.0,0,0
C0102,J0022,0.125,0.4,0.145,0.758,0.0,0,0
C0103,J0046,0.0,1.0,0.088,0.883,0.5,0,0
C0103,J0004,0.0,1.0,0.088,0.883,0.5,0,0
C0103,J0083,0.0,0.9,0.088,0.883,0.5,0,0
C0103,J0134,0.0,1.0,0.1883,0.883,0.0,0,0
C0104,J0068,0.0,0.2,0.1011,0.668,0.0,0,0
C0104,J0032,0.0,0.4,0.1011,0.668,0.5,0,0
C0104,J0007,0.0,0.3,0.0855,0.668,0.0,0,0
C0104,J0098,0.0,0.3,0.113,0.668,0.0,0,0
C0105,J0018,0.0,0.0,0.1066,0.406,0.5,0,0
C0105,J0156,0.0,0.3,0.1191,0.406,0.5,0,0
C0105,J0134,0.4,0.3,0.3614,0.406,0.5,1,0
C0105,J0198,0.0,0.4,0.1066,0.406,0.5,0,0
C0106,J0093,0.0,0.5,0.1191,0.601,1.0,0,0
C0106,J0090,0.0,0.7,0.1191,0.601,1.0,0,0
C0106,J0187,0.0,0.7,0.1632,0.601,1.0,0,0
C0106,J0001,0.0,0.8,0.1032,0.601,1.0,0,0
C0107,J0032,0.0,0.4,0.0923,0.718,1.0,0,0
C0107,J0039,0.0,0.4,0.0973,0.718,1.0,0,0
C0107,J0084,0.0,0.2,0.088,0.718,0.5,0,0
C0107,J0018,0.125,0.0,0.145,0.718,0.5,0,0
C0108,J0017,0.0,0.7,0.1016,0.803,1.0,0,0
C0108,J0051,0.0,1.0,0.1687,0.803,0.0,0,0
C0108,J0028,0.0,0.7,0.1066,0.803,0.0,0,0
C0108,J0053,0.0,1.0,0.1123,0.803,0.0,0,0
C0109,J0131,0.0,0.5,0.0923,0.914,1.0,0,0
C0109,J0033,0.4286,1.0,0.5269,0.914,0.5,1,1
C0109,J0078,0.0,1.0,0.0724,0.914,0.5,0,0
C0109,J0156,0.0,0.8,0.0923,0.914,0.5,0,0
C0110,J0028,0.5,0.1,0.4547,0.889,0.5,1,1
C0110,J0047,0.0,0.6,0.0919,0.889,1.0,0,0
C0110,J0109,0.0,0.5,0.1016,0.889,1.0,0,0
C0110,J0182,0.0,0.5,0.0815,0.889,1.0,0,0
C0111,J0184,0.0,0.6,0.1066,0.689,1.0,0,0
C0111,J0190,0.0,0.5,0.0964,0.689,1.0,0,0
C0111,J0044,0.0,0.1,0.1066,0.689,0.5,0,0
C0111,J0057,0.0,0.4,0.0964,0.689,0.5,0,0
C0112,J0132,0.1667,0.4,0.1708,0.669,0.5,0,0
C0112,J0033,0.0,0.7,0.0923,0.669,1.0,0,0
C0112,J0096,0.2,0.6,0.3391,0.669,1.0,1,1
C0112,J0020,0.25,0.5,0.3609,0.669,1.0,1,1
C0113,J0124,0.2,0.4,0.3041,0.632,0.0,1,0
C0113,J0052,0.0,0.9,0.0887,0.632,0.5,0,0
C0113,J0191,0.0,0.7,0.0992,0.632,0.5,0,0
C0113,J0149,0.0,0.6,0.0846,0.632,0.5,0,0
C0114,J0092,0.0,0.7,0.0846,0.902,1.0,0,0
C0114,J0018,0.0,0.7,0.0887,0.902,1.0,0,0
C0114,J0162,0.0,1.0,0.0887,0.902,0.5,0,0
C0114,J0041,0.0,1.0,0.0935,0.902,0.5,0,0
C0115,J0147,0.0909,1.0,0.1391,0.672,0.5,0,0
C0115,J0199,0.0,1.0,0.0846,0.672,0.5,0,0
C0115,J0017,0.0833,0.7,0.1323,0.672,1.0,0,0
C0115,J0051,0.1,1.0,0.1391,0.672,0.5,0,1
C0116,J0014,0.0,0.3,0.0964,0.55,0.5,0,0
C0116,J0171,0.0,0.6,0.0964,0.55,1.0,0,0
C0116,J0086,0.0,0.5,0.0919,0.55,1.0,0,0
C0116,J0011,0.0,0.7,0.0815,0.55,1.0,0,0
C0117,J0030,0.25,0.6,0.3468,0.792,0.5,1,1
C0117,J0065,0.0,0.9,0.0787,0.792,0.0,0,0
C0117,J0027,0.0,0.6,0.087,0.792,1.0,0,0
C0117,J0197,0.0,0.9,0.0787,0.792,0.5,0,0
C0118,J0073,0.3333,0.5,0.3878,0.782,1.0,1,1
C0118,J0051,0.25,0.5,0.3643,0.782,1.0,1,1
C0118,J0098,0.0,0.5,0.1454,0.782,1.0,0,0
C0118,J0003,0.1,0.6,0.1292,0.782,1.0,0,1
C0119,J0143,0.0,0.8,0.1011,0.89,1.0,0,0
C0119,J0089,0.0,0.5,0.2379,0.89,0.5,1,0
C0119,J0138,0.0,1.0,0.0923,0.89,0.5,0,0
C0119,J0078,0.0,1.0,0.0887,0.89,0.0,0,0
C0120,J0134,0.0,0.3,0.0923,0.514,0.5,0,0
C0120,J0139,0.1667,0.2,0.3158,0.514,0.5,1,0
C0120,J0087,0.0,0.2,0.0964,0.514,0.5,0,0
C0120,J0065,0.0,0.3,0.0964,0.514,0.5,0,0
C0121,J0032,0.0,0.4,0.0964,0.58,0.5,0,0
C0121,J0184,0.1429,0.5,0.2988,0.58,1.0,1,1
C0121,J0167,0.0,0.3,0.1078,0.58,0.5,0,0
C0121,J0198,0.0,0.4,0.0964,0.58,0.5,0,0
C0122,J0051,0.0,0.7,0.1066,0.974,0.5,0,0
C0122,J0182,0.0,0.8,0.0901,0.974,0.0,0,0
C0122,J0050,0.0,0.6,0.1123,0.974,0.5,0,0
C0122,J0115,0.0,0.7,0.0901,0.974,0.5,0,0
C0123,J0031,0.0,0.8,0.1011,0.963,1.0,0,0
C0123,J0097,0.0,0.9,0.0887,0.963,0.5,0,0
C0123,J0195,0.0,0.5,0.0964,0.963,1.0,0,0
C0123,J0160,0.0,0.9,0.1066,0.963,0.5,0,0
C0124,J0026,0.0,0.4,0.0778,0.954,0.0,0,0
C0124,J0100,0.0,0.7,0.0935,0.954,0.5,0,0
C0124,J0167,0.0,0.5,0.0992,0.954,0.5,0,0
C0124,J0185,0.0,0.5,0.081,0.954,0.5,0,0
C0125,J0044,0.0,0.8,0.1016,0.725,0.5,0,0
C0125,J0174,0.5,1.0,0.494,0.725,0.5,1,1
C0125,J0079,0.0,1.0,0.1518,0.725,0.5,0,0
C0125,J0046,0.2857,1.0,0.3361,0.725,0.5,1,1
C0126,J0182,0.0,1.0,0.078,0.878,0.5,0,0
C0126,J0093,0.0,0.8,0.0973,0.878,1.0,0,0
C0126,J0151,0.0,1.0,0.088,0.878,0.5,0,0
C0126,J0131,0.0,0.8,0.1032,0.878,1.0,0,0
C0127,J0010,0.0,0.4,0.0846,0.94,0.5,0,0
C0127,J0144,0.0,0.2,0.0935,0.94,0.0,0,0
C0127,J0116,0.0,0.4,0.0887,0.94,0.0,0,0
C0127,J0125,0.125,0.3,0.1471,0.94,0.5,0,0
C0128,J0015,0.1,0.7,0.1292,0.894,1.0,0,0
C0128,J0148,0.0,0.8,0.0787,0.894,0.5,0,0
C0128,J0022,0.25,0.5,0.3643,0.894,1.0,1,1
C0128,J0145,0.0,0.5,0.087,0.894,1.0,0,0
C0129,J0101,0.0,1.0,0.1016,0.828,0.0,0,0
C0129,J0160,0.0,1.0,0.1016,0.828,0.0,0,0
C0129,J0159,0.125,1.0,0.1444,0.828,0.0,0,0
C0129,J0148,0.0,1.0,0.0919,0.828,0.5,0,0
C0130,J0037,0.4444,0.5,0.3973,0.96,1.0,1,1
C0130,J0074,0.0,0.3,0.0846,0.96,0.5,0,0
C0130,J0104,0.0,0.2,0.081,0.96,0.0,0,0
C0130,J0019,0.0,0.3,0.0887,0.96,0.0,0,0
C0131,J0110,0.0,0.9,0.0923,0.502,0.5,0,0
C0131,J0078,0.0,1.0,0.081,0.502,0.0,0,0
C0131,J0097,0.75,1.0,0.5922,0.502,0.5,1,1
C0131,J0118,0.5,1.0,0.4567,0.502,0.0,1,1
C0132,J0075,0.0,0.7,0.0956,0.773,0.5,0,0
C0132,J0014,0.0,0.3,0.113,0.773,0.5,0,0
C0132,J0026,0.0,0.5,0.0992,0.773,1.0,0,0
C0132,J0192,0.0,0.7,0.0992,0.773,1.0,0,0
C0133,J0122,0.0,0.9,0.0935,0.702,0.5,0,0
C0133,J0103,0.0,0.8,0.0935,0.702,0.5,0,0
C0133,J0184,0.0,0.9,0.0935,0.702,0.0,0,0
C0133,J0164,0.5,0.6,0.3973,0.702,1.0,1,1
C0134,J0067,0.0,1.0,0.1264,0.848,0.0,0,0
C0134,J0048,0.0,1.0,0.113,0.848,0.5,0,0
C0134,J0106,0.0,1.0,0.1078,0.848,0.5,0,0
C0134,J0098,0.25,1.0,0.2883,0.848,0.0,1,1
C0135,J0029,0.0,0.1,0.0964,0.729,0.5,0,0
C0135,J0193,0.0,0.1,0.1011,0.729,0.5,0,0
C0135,J0121,0.0,0.4,0.0923,0.729,0.5,0,0
C0135,J0093,0.0,0.1,0.1066,0.729,0.5,0,0
C0136,J0095,0.0,0.7,0.1078,0.716,0.5,0,0
C0136,J0198,0.0,0.9,0.113,0.716,0.5,0,0
C0136,J0045,0.0,0.8,0.1264,0.716,0.0,0,0
C0136,J0032,0.0,0.9,0.113,0.716,0.5,0,0
C0137,J0087,0.0,0.8,0.0919,0.837,0.5,0,0
C0137,J0034,0.1111,1.0,0.2656,0.837,0.5,1,1
C0137,J0070,0.0,0.8,0.1078,0.837,1.0,0,0
C0137,J0110,0.0,0.9,0.0964,0.837,0.5,0,0
C0138,J0017,0.1429,0.2,0.1708,0.762,0.5,0,0
C0138,J0040,0.0,0.5,0.1032,0.762,1.0,0,0
C0138,J0130,0.0,0.5,0.113,0.762,0.5,0,0
C0138,J0015,0.1667,0.6,0.1795,0.762,1.0,0,0
C0139,J0158,0.25,0.9,0.3171,0.514,0.0,1,1
C0139,J0116,0.0,1.0,0.0826,0.514,0.0,0,0
C0139,J0190,0.0,1.0,0.0787,0.514,0.0,0,0
C0139,J0160,0.0,1.0,0.087,0.514,0.0,0,0
C0140,J0195,0.0,0.4,0.1152,0.419,1.0,0,0
C0140,J0153,0.0,0.7,0.1103,0.419,0.5,0,0
C0140,J0144,0.0,0.6,0.2038,0.419,1.0,1,0
C0140,J0070,0.0,0.6,0.1351,0.419,1.0,0,0
C0141,J0150,0.0,0.6,0.0855,0.728,0.5,0,0
C0141,J0032,0.0,0.7,0.0855,0.728,0.5,0,0
C0141,J0194,0.0,0.3,0.0855,0.728,0.0,0,0
C0141,J0114,0.1667,0.6,0.333,0.728,1.0,1,1
C0142,J0081,0.5714,0.7,0.3973,0.914,0.5,1,1
C0142,J0019,0.0,0.7,0.0887,0.914,0.0,0,0
C0142,J0172,0.0,0.7,0.075,0.914,0.5,0,0
C0142,J0198,0.0,0.8,0.0887,0.914,1.0,0,0
C0143,J0023,0.0,1.0,0.1011,0.614,0.0,0,0
C0143,J0090,0.0,0.9,0.1066,0.614,1.0,0,0
C0143,J0175,0.0,0.9,0.0887,0.614,0.5,0,0
C0143,J0042,0.0,1.0,0.1066,0.614,0.5,0,0
C0144,J0140,0.0,1.0,0.0973,0.764,0.0,0,0
C0144,J0129,0.0,0.8,0.0973,0.764,0.0,0,0
C0144,J0047,0.0,1.0,0.088,0.764,0.0,0,0
C0144,J0118,0.0,0.9,0.0973,0.764,0.0,0,0
C0145,J0064,0.125,0.8,0.202,0.742,1.0,1,1
C0145,J0001,0.2857,0.8,0.3189,0.742,1.0,1,1
C0145,J0055,0.0,1.0,0.0964,0.742,0.5,0,0
C0145,J0198,0.0,0.9,0.0964,0.742,1.0,0,0
C0146,J0033,0.0,0.6,0.0754,1.0,0.5,0,0
C0146,J0011,0.0,0.5,0.078,1.0,0.5,0,0
C0146,J0108,0.25,0.4,0.1926,1.0,0.0,0,0
C0146,J0130,0.2857,0.4,0.3382,1.0,0.0,1,0
C0147,J0066,0.0,0.9,0.087,0.975,0.5,0,0
C0147,J0158,0.0,0.9,0.1123,0.975,0.5,0,0
C0147,J0175,0.0,0.8,0.0935,0.975,0.5,0,0
C0147,J0064,0.0,0.9,0.1016,0.975,1.0,0,0
C0148,J0060,0.0,0.4,0.0964,0.891,1.0,0,0
C0148,J0093,0.0,0.2,0.1016,0.891,0.5,0,0
C0148,J0172,0.0,0.5,0.0815,0.891,1.0,0,0
C0148,J0149,0.0,0.4,0.0919,0.891,0.5,0,0
C0149,J0076,0.1667,0.7,0.1708,0.866,0.5,0,0
C0149,J0006,0.0,0.5,0.1032,0.866,0.5,0,0
C0149,J0176,0.0,0.6,0.1191,0.866,1.0,0,0
C0149,J0061,0.0,0.6,0.2543,0.866,0.5,1,1
C0150,J0078,0.0,0.9,0.0887,0.484,1.0,0,0
C0150,J0003,0.4,0.8,0.3779,0.484,1.0,1,1
C0150,J0069,0.0,0.7,0.1011,0.484,1.0,0,0
C0150,J0150,0.0,0.7,0.1011,0.484,1.0,0,0
C0151,J0198,0.0,0.8,0.0855,0.766,1.0,0,0
C0151,J0157,0.125,0.7,0.1415,0.766,1.0,0,1
C0151,J0109,0.0,0.8,0.1415,0.766,0.0,0,0
C0151,J0030,0.0,0.4,0.0815,0.766,0.5,0,0
C0152,J0084,0.0,0.6,0.1016,0.684,1.0,0,0
C0152,J0096,0.0,0.8,0.1066,0.684,0.5,0,0
C0152,J0077,0.0,0.4,0.1533,0.684,1.0,0,0
C0152,J0052,0.0,0.9,0.1687,0.684,0.5,0,0
C0153,J0102,0.0,0.5,0.0964,0.393,1.0,0,0
C0153,J0166,0.1429,0.7,0.1518,0.393,1.0,0,0
C0153,J0008,0.1667,0.8,0.2807,0.393,0.5,1,0
C0153,J0176,0.0,0.6,0.1066,0.393,1.0,0,0
C0154,J0133,0.0,0.5,0.0787,0.687,0.5,0,0
C0154,J0077,0.0,0.5,0.0754,0.687,0.5,0,0
C0154,J0018,0.0,0.5,0.0826,0.687,0.5,0,0
C0154,J0175,0.0,0.7,0.0724,0.687,1.0,0,0
C0155,J0165,0.0,0.4,0.0843,0.505,0.5,0,0
C0155,J0027,0.125,0.2,0.2842,0.505,0.5,1,0
C0155,J0102,0.0,0.4,0.088,0.505,0.5,0,0
C0155,J0116,0.0,0.6,0.0923,0.505,1.0,0,0
C0156,J0049,0.1429,0.9,0.1596,0.755,0.0,0,0
C0156,J0035,0.0,1.0,0.0964,0.755,0.0,0,0
C0156,J0006,0.0,0.9,0.0923,0.755,0.0,0,0
C0156,J0053,0.0,1.0,0.1066,0.755,0.0,0,0
C0157,J0029,0.1111,0.1,0.1444,0.801,0.5,0,0
C0157,J0086,0.0,0.3,0.0919,0.801,0.5,0,0
C0157,J0100,0.2857,0.6,0.3809,0.801,1.0,1,1
C0157,J0115,0.0,0.4,0.0815,0.801,0.5,0,0
C0158,J0004,0.0,0.9,0.088,0.737,0.5,0,0
C0158,J0195,0.0,0.4,0.2588,0.737,0.5,1,0
C0158,J0031,0.0,0.7,0.0923,0.737,0.5,0,0
C0158,J0160,0.0,0.8,0.0973,0.737,0.0,0,0
C0159,J0054,0.2857,0.4,0.3564,0.635,0.5,1,1
C0159,J0125,0.0,0.4,0.1016,0.635,0.5,0,0
C0159,J0148,0.0,0.6,0.0919,0.635,1.0,0,0
C0159,J0195,0.0,0.1,0.0919,0.635,0.5,0,0
C0160,J0026,0.0,0.7,0.075,0.69,0.5,0,0
C0160,J0024,0.0,1.0,0.0815,0.69,0.5,0,0
C0160,J0141,0.0,0.8,0.0815,0.69,0.5,0,0
C0160,J0051,0.1,0.8,0.1339,0.69,1.0,0,1
C0161,J0001,0.0,0.4,0.1796,0.634,0.5,0,0
C0161,J0108,0.0,0.4,0.1879,0.634,0.0,0,0
C0161,J0084,0.0,0.3,0.0846,0.634,0.5,0,0
C0161,J0062,0.0,0.6,0.1976,0.634,1.0,0,0
C0162,J0025,0.0,0.9,0.1066,0.786,0.5,0,0
C0162,J0068,0.0,0.7,0.1011,0.786,0.5,0,0
C0162,J0198,0.0,0.9,0.1011,0.786,0.5,0,0
C0162,J0102,0.0,0.7,0.0964,0.786,0.5,0,0
C0163,J0003,0.25,0.9,0.3088,0.639,1.0,1,1
C0163,J0171,0.0,0.8,0.1339,0.639,1.0,0,0
C0163,J0040,0.0,0.8,0.1738,0.639,1.0,0,0
C0163,J0123,0.2857,0.8,0.33,0.639,1.0,1,1
C0164,J0033,0.0,0.7,0.0826,0.718,1.0,0,0
C0164,J0185,0.3333,0.5,0.4176,0.718,1.0,1,1
C0164,J0069,0.0,0.5,0.1011,0.718,1.0,0,0
C0164,J0183,0.0,0.5,0.1011,0.718,1.0,0,0
C0165,J0007,0.0,0.5,0.078,0.873,0.5,0,0
C0165,J0044,0.0,0.2,0.0973,0.873,0.5,0,0
C0165,J0119,0.0,0.4,0.2153,0.873,0.5,1,0
C0165,J0039,0.1667,0.6,0.1533,0.873,1.0,0,1
C0166,J0133,0.0,0.2,0.1016,0.635,0.5,0,0
C0166,J0131,0.0,0.2,0.1191,0.635,0.5,0,0
C0166,J0122,0.0,0.7,0.1123,0.635,1.0,0,0
C0166,J0147,0.0,0.5,0.1066,0.635,1.0,0,0
C0167,J0192,0.0,0.8,0.0935,0.63,0.5,0,0
C0167,J0104,0.0,0.6,0.0973,0.63,0.5,0,0
C0167,J0074,0.0,0.7,0.1016,0.63,0.5,0,0
C0167,J0054,0.0,0.7,0.1066,0.63,1.0,0,0
C0168,J0130,0.0,0.4,0.1066,0.669,0.5,0,0
C0168,J0061,0.0,0.4,0.1066,0.669,0.5,0,0
C0168,J0006,0.0,0.3,0.0973,0.669,0.5,0,0
C0168,J0187,0.0,0.3,0.0973,0.669,0.5,0,0
C0169,J0040,0.0,0.8,0.0843,0.657,1.0,0,0
C0169,J0177,0.125,0.5,0.1632,0.657,1.0,0,1
C0169,J0109,0.0,0.9,0.0973,0.657,0.5,0,0
C0169,J0075,0.0,0.9,0.078,0.657,0.5,0,0
C0170,J0021,0.5,0.6,0.3609,0.675,1.0,1,1
C0170,J0135,0.1429,0.7,0.1604,0.675,0.5,0,0
C0170,J0154,0.0,0.6,0.1123,0.675,1.0,0,0
C0170,J0020,0.2,0.6,0.1783,0.675,1.0,0,1
C0171,J0033,0.0,0.7,0.0987,0.728,1.0,0,0
C0171,J0096,0.0,0.6,0.1208,0.728,1.0,0,0
C0171,J0155,0.5,0.7,0.3685,0.728,1.0,1,1
C0171,J0100,0.0,0.7,0.1274,0.728,0.0,0,0
C0172,J0127,0.0,0.6,0.1191,0.801,1.0,0,0
C0172,J0126,0.0,0.5,0.1123,0.801,1.0,0,0
C0172,J0117,0.2,0.5,0.3361,0.801,1.0,1,1
C0172,J0172,0.0,0.6,0.0901,0.801,1.0,0,0
C0173,J0032,0.0,0.9,0.1518,0.824,0.5,0,0
C0173,J0038,0.1429,0.7,0.2988,0.824,1.0,1,1
C0173,J0056,0.0,0.7,0.0919,0.824,1.0,0,0
C0173,J0018,0.0,0.5,0.0964,0.824,1.0,0,0
C0174,J0090,0.0,1.0,0.1016,0.707,0.5,0,0
C0174,J0125,0.1111,1.0,0.1604,0.707,0.5,0,0
C0174,J0009,0.0,1.0,0.0919,0.707,0.0,0,0
C0174,J0149,0.0,1.0,0.0919,0.707,0.0,0,0
C0175,J0102,0.0,0.7,0.0964,0.812,0.5,0,0
C0175,J0064,0.0,0.8,0.1518,0.812,1.0,0,0
C0175,J0056,0.1667,0.7,0.3564,0.812,0.5,1,1
C0175,J0148,0.3333,1.0,0.3564,0.812,0.5,1,1
C0176,J0120,0.0,0.7,0.1292,0.9,1.0,0,0
C0176,J0044,0.0,0.5,0.087,0.9,1.0,0,0
C0176,J0020,0.0,0.8,0.087,0.9,0.5,0,0
C0176,J0065,0.0,0.8,0.0787,0.9,1.0,0,0
C0177,J0189,0.0,0.5,0.0923,0.517,0.5,0,0
C0177,J0119,0.0,0.7,0.0973,0.517,1.0,0,0
C0177,J0170,0.0,0.8,0.0843,0.517,0.5,0,0
C0177,J0190,0.0,0.9,0.088,0.517,0.5,0,0
C0178,J0137,0.0,0.4,0.0843,0.775,0.5,0,0
C0178,J0099,0.0,0.6,0.145,0.775,1.0,0,0
C0178,J0079,0.0,0.4,0.0923,0.775,0.5,0,0
C0178,J0091,0.0,0.6,0.0973,0.775,1.0,0,0
C0179,J0191,0.0,0.6,0.1632,0.724,0.5,1,1
C0179,J0034,0.0,0.7,0.088,0.724,0.5,0,0
C0179,J0120,0.0,0.5,0.145,0.724,1.0,0,0
C0179,J0145,0.2,0.5,0.2153,0.724,0.5,1,1
C0180,J0040,0.0,0.5,0.0973,0.719,1.0,0,0
C0180,J0004,0.0,0.7,0.1016,0.719,0.5,0,0
C0180,J0160,0.2,0.6,0.2523,0.719,1.0,1,1
C0180,J0077,0.0,0.2,0.1533,0.719,0.5,0,0
C0181,J0198,0.0,0.7,0.0855,0.771,1.0,0,0
C0181,J0145,0.0,0.5,0.0901,0.771,1.0,0,0
C0181,J0049,0.1111,0.5,0.1339,0.771,1.0,0,1
C0181,J0056,0.0,0.5,0.1274,0.771,1.0,0,0
C0182,J0091,0.25,0.7,0.1783,0.796,0.5,0,1
C0182,J0146,0.4,0.6,0.2258,0.796,0.5,0,1
C0182,J0087,0.0,0.5,0.1016,0.796,0.5,0,0
C0182,J0115,0.0,0.6,0.0901,0.796,1.0,0,0
C0183,J0003,0.0,0.6,0.0923,0.646,0.5,0,0
C0183,J0174,0.0,0.7,0.0754,0.646,1.0,0,0
C0183,J0018,0.0,0.2,0.0923,0.646,0.5,0,0
C0183,J0029,0.125,0.2,0.138,0.646,0.5,0,0
C0184,J0032,0.0,0.7,0.1011,0.524,1.0,0,0
C0184,J0135,0.0,0.7,0.0964,0.524,0.5,0,0
C0184,J0009,0.0,0.6,0.0964,0.524,0.0,0,0
C0184,J0159,0.0,0.7,0.0964,0.524,0.5,0,0
C0185,J0181,0.0,0.8,0.0973,0.636,0.0,0,0
C0185,J0200,0.0,0.7,0.1533,0.636,0.5,0,0
C0185,J0084,0.0,0.7,0.088,0.636,1.0,0,0
C0185,J0199,0.4286,0.8,0.3924,0.636,0.0,1,1
C0186,J0036,0.0,0.3,0.1066,0.586,0.0,0,0
C0186,J0010,0.0,0.4,0.1016,0.586,0.0,0,0
C0186,J0088,0.0,0.4,0.0973,0.586,0.5,0,0
C0186,J0157,0.25,0.3,0.1783,0.586,0.0,0,0
C0187,J0044,0.25,0.4,0.3614,0.447,1.0,1,1
C0187,J0022,0.1111,0.6,0.145,0.447,1.0,0,1
C0187,J0052,0.0,0.9,0.0923,0.447,0.5,0,0
C0187,J0028,0.0,0.4,0.0923,0.447,1.0,0,0
C0188,J0120,0.0,0.9,0.0887,0.705,1.0,0,0
C0188,J0115,0.8,1.0,0.615,0.705,0.5,1,1
C0188,J0129,0.0,1.0,0.0935,0.705,0.5,0,0
C0188,J0176,0.0,1.0,0.2088,0.705,0.5,0,0
C0189,J0097,0.0,0.6,0.081,0.635,1.0,0,0
C0189,J0100,0.0,0.7,0.0973,0.635,0.5,0,0
C0189,J0067,0.125,0.5,0.1632,0.635,1.0,0,1
C0189,J0158,0.125,0.5,0.1533,0.635,1.0,0,1
C0190,J0010,0.0,0.4,0.1016,0.773,1.0,0,0
C0190,J0091,0.0,0.4,0.1123,0.773,1.0,0,0
C0190,J0073,0.0,0.3,0.0973,0.773,0.5,0,0
C0190,J0181,0.0,0.3,0.1123,0.773,0.5,0,0
C0191,J0090,0.0,0.4,0.1123,0.949,0.5,0,0
C0191,J0024,0.1429,0.7,0.2258,0.949,1.0,1,1
C0191,J0130,0.0,0.5,0.1066,0.949,1.0,0,0
C0191,J0066,0.0,0.5,0.087,0.949,1.0,0,0
C0192,J0092,0.0,0.2,0.0846,0.738,0.0,0,0
C0192,J0033,0.0,0.7,0.1585,0.738,0.0,0,0
C0192,J0084,0.0,0.4,0.0846,0.738,0.5,0,0
C0192,J0161,0.0,0.5,0.1323,0.738,0.5,0,0
C0193,J0021,0.1111,1.0,0.1506,0.942,0.5,0,1
C0193,J0151,0.5,1.0,0.4294,0.942,0.5,1,1
C0193,J0028,0.0,0.7,0.0855,0.942,1.0,0,0
C0193,J0172,0.0,1.0,0.0723,0.942,0.5,0,0
C0194,J0040,0.0,0.6,0.1032,0.411,1.0,0,0
C0194,J0169,0.0,0.6,0.1078,0.411,1.0,0,0
C0194,J0050,0.0,0.5,0.2697,0.411,0.5,1,0
C0194,J0073,0.0,0.6,0.1032,0.411,1.0,0,0
C0195,J0174,0.2857,0.7,0.2967,0.867,1.0,1,1
C0195,J0110,0.0,0.5,0.1596,0.867,0.5,0,0
C0195,J0154,0.0,0.5,0.1066,0.867,0.5,0,0
C0195,J0165,0.0,0.4,0.0923,0.867,0.5,0,0
C0196,J0189,0.0,0.6,0.1596,0.683,1.0,0,0
C0196,J0033,0.0,1.0,0.1818,0.683,0.0,0,0
C0196,J0147,0.1667,0.9,0.1596,0.683,0.0,0,1
C0196,J0143,0.0,0.9,0.1596,0.683,0.5,0,0
C0197,J0147,0.2857,1.0,0.3564,0.6,0.0,1,1
C0197,J0088,0.0,1.0,0.088,0.6,0.5,0,0
C0197,J0074,0.0,1.0,0.0919,0.6,0.0,0,0
C0197,J0177,0.1429,0.8,0.1708,0.6,0.5,0,0
C0198,J0091,0.0,0.7,0.0843,0.886,0.0,0,0
C0198,J0045,0.0,0.6,0.0894,0.886,0.5,0,0
C0198,J0018,0.0,0.3,0.08,0.886,1.0,0,0
C0198,J0197,0.0,0.6,0.0762,0.886,0.5,0,0
C0199,J0132,0.0,0.3,0.1078,0.759,0.5,0,0
C0199,J0040,0.0,0.4,0.1032,0.759,1.0,0,0
C0199,J0142,0.0,0.1,0.1078,0.759,0.5,0,0
C0199,J0189,0.0,0.1,0.113,0.759,0.5,0,0
C0200,J0054,0.0,1.0,0.0923,0.61,0.5,0,0
C0200,J0182,0.0,1.0,0.078,0.61,0.5,0,0
C0200,J0015,0.0,1.0,0.0923,0.61,0.5,0,0
C0200,J0107,0.0,1.0,0.081,0.61,0.5,0,0
C0201,J0121,0.0,0.8,0.1032,0.676,0.5,0,0
C0201,J0148,0.0,1.0,0.1078,0.676,0.5,0,0
C0201,J0154,0.0,0.8,0.1191,0.676,0.5,0,0
C0201,J0135,0.0,0.9,0.1078,0.676,1.0,0,0
C0202,J0051,0.0,0.5,0.113,0.637,0.5,0,0
C0202,J0145,0.0,0.4,0.1191,0.637,0.0,0,0
C0202,J0005,0.0,0.2,0.113,0.637,0.0,0,0
C0202,J0157,0.0,0.5,0.1191,0.637,0.5,0,0
C0203,J0151,0.0,0.3,0.1229,0.76,0.5,0,0
C0203,J0031,0.0,0.3,0.1292,0.76,0.0,0,0
C0203,J0078,0.0,0.5,0.1127,0.76,0.5,0,0
C0203,J0043,0.0,0.4,0.1366,0.76,0.5,0,0
C0204,J0156,0.0,0.5,0.0956,0.587,1.0,0,0
C0204,J0146,0.0,0.5,0.0815,0.587,1.0,0,0
C0204,J0116,0.0,0.6,0.0855,0.587,0.5,0,0
C0204,J0124,0.0,0.2,0.0815,0.587,0.0,0,0
C0205,J0075,0.0,1.0,0.18,0.792,0.0,0,0
C0205,J0045,0.1667,0.9,0.2413,0.792,0.5,1,1
C0205,J0134,0.2857,0.9,0.3189,0.792,0.0,1,1
C0205,J0040,0.0,0.9,0.1971,0.792,1.0,0,0
C0206,J0130,0.125,0.5,0.1518,0.771,1.0,0,0
C0206,J0035,0.0,0.7,0.0919,0.771,1.0,0,0
C0206,J0137,0.0,0.4,0.088,0.771,1.0,0,0
C0206,J0033,0.0,0.7,0.0787,0.771,0.5,0,0
C0207,J0045,0.25,0.5,0.2883,0.867,1.0,1,1
C0207,J0115,0.0,0.5,0.0956,0.867,1.0,0,0
C0207,J0084,0.0,0.4,0.1078,0.867,0.5,0,0
C0207,J0199,0.0,0.5,0.1078,0.867,1.0,0,0
C0208,J0067,0.0,0.3,0.1032,0.823,0.5,0,0
C0208,J0003,0.0,0.4,0.0923,0.823,0.5,0,0
C0208,J0042,0.0,0.3,0.0973,0.823,0.5,0,0
C0208,J0031,0.2857,0.3,0.3382,0.823,0.5,1,1
C0209,J0017,0.0,0.2,0.0846,0.711,0.5,0,0
C0209,J0012,0.2857,0.5,0.3618,0.711,0.0,1,1
C0209,J0026,0.0,0.4,0.0778,0.711,0.5,0,0
C0209,J0037,0.0,0.7,0.0887,0.711,1.0,0,0
C0210,J0066,0.0,0.6,0.0754,0.628,1.0,0,0
C0210,J0019,0.0,0.6,0.0923,0.628,0.5,0,0
C0210,J0008,0.1111,0.8,0.138,0.628,1.0,0,1
C0210,J0054,0.4286,0.6,0.4176,0.628,1.0,1,1
C0211,J0061,0.0,0.7,0.1011,0.606,0.5,0,0
C0211,J0053,0.0,0.8,0.1066,0.606,1.0,0,0
C0211,J0024,0.0,0.9,0.0964,0.606,0.5,0,0
C0211,J0126,0.0,0.6,0.2379,0.606,1.0,1,1
C0212,J0128,0.0,0.6,0.075,0.633,1.0,0,0
C0212,J0044,0.0,0.4,0.0935,0.633,0.5,0,0
C0212,J0196,0.0,0.6,0.075,0.633,1.0,0,0
C0212,J0090,0.0,0.6,0.0935,0.633,1.0,0,0
C0213,J0190,0.375,0.7,0.3924,0.783,1.0,1,1
C0213,J0044,0.0,0.3,0.0973,0.783,0.5,0,0
C0213,J0004,0.375,0.8,0.3924,0.783,1.0,1,1
C0213,J0053,0.0,0.7,0.0973,0.783,1.0,0,0
C0214,J0195,0.0,0.3,0.088,0.517,0.0,0,0
C0214,J0080,0.0,0.3,0.0973,0.517,0.5,0,0
C0214,J0061,0.0,0.6,0.0923,0.517,0.5,0,0
C0214,J0015,0.25,0.7,0.3382,0.517,1.0,1,1
C0215,J0075,0.0,1.0,0.1021,0.659,0.5,0,0
C0215,J0157,0.0,1.0,0.1274,0.659,0.5,0,0
C0215,J0046,0.0,1.0,0.1152,0.659,0.5,0,0
C0215,J0184,0.0,1.0,0.1274,0.659,0.5,0,0
C0216,J0187,0.0,0.9,0.088,0.555,0.5,0,0
C0216,J0086,0.0,0.9,0.1444,0.555,0.5,0,0
C0216,J0193,0.0,0.7,0.0964,0.555,1.0,0,0
C0216,J0082,0.0,1.0,0.1016,0.555,0.5,0,0
C0217,J0014,0.0,0.5,0.0923,0.667,1.0,0,0
C0217,J0119,0.0,0.7,0.0973,0.667,0.5,0,0
C0217,J0134,0.0,0.8,0.0843,0.667,0.0,0,0
C0217,J0064,0.0,0.8,0.088,0.667,1.0,0,0
C0218,J0163,0.0,0.6,0.0815,0.792,1.0,0,0
C0218,J0144,0.0,0.3,0.0901,0.792,0.0,0,0
C0218,J0132,0.4444,0.3,0.4294,0.792,0.5,1,1
C0218,J0037,0.0833,0.6,0.1339,0.792,1.0,0,0
C0219,J0179,0.1667,0.8,0.1783,0.773,0.5,0,0
C0219,J0169,0.0,0.7,0.1016,0.773,1.0,0,0
C0219,J0200,0.0,0.6,0.1123,0.773,1.0,0,0
C0219,J0156,0.0,0.7,0.1191,0.773,1.0,0,0
C0220,J0133,0.0,0.2,0.0919,1.0,0.5,0,0
C0220,J0115,0.0,0.5,0.0815,1.0,1.0,0,0
C0220,J0063,0.0,0.7,0.0964,1.0,1.0,0,0
C0220,J0079,0.125,0.4,0.1518,1.0,0.5,0,0
C0221,J0175,0.0,0.8,0.1565,0.617,0.5,0,0
C0221,J0146,0.0,0.9,0.1078,0.617,0.5,0,0
C0221,J0017,0.0,0.6,0.1078,0.617,1.0,0,0
C0221,J0160,0.0,1.0,0.1898,0.617,0.0,1,0
C0222,J0068,0.4,0.8,0.3779,0.701,1.0,1,1
C0222,J0077,0.0,0.6,0.0923,0.701,1.0,0,0
C0222,J0072,0.0,1.0,0.1518,0.701,0.5,0,0
C0222,J0131,0.2,0.6,0.2543,0.701,1.0,1,1
C0223,J0093,0.0,0.1,0.1123,0.677,0.5,0,0
C0223,J0195,0.0,0.1,0.1016,0.677,0.5,0,0
C0223,J0014,0.0,0.1,0.1066,0.677,0.5,0,0
C0223,J0046,0.0,0.5,0.1016,0.677,1.0,0,0
C0224,J0182,0.1429,1.0,0.2117,0.599,0.0,1,0
C0224,J0099,0.0,1.0,0.113,0.599,0.0,0,0
C0224,J0154,0.0,0.9,0.1191,0.599,0.0,0,0
C0224,J0043,0.0,1.0,0.1898,0.599,0.0,0,0
C0225,J0156,0.0,0.5,0.113,0.724,1.0,0,0
C0225,J0073,0.0,0.5,0.0923,0.724,1.0,0,0
C0225,J0115,0.0,0.5,0.0855,0.724,1.0,0,0
C0225,J0037,0.4286,0.7,0.3779,0.724,1.0,1,1
C0226,J0062,0.0,0.6,0.1011,0.662,1.0,0,0
C0226,J0096,0.3333,0.5,0.3779,0.662,1.0,1,1
C0226,J0043,0.1667,0.5,0.1687,0.662,0.5,0,1
C0226,J0164,0.0,0.3,0.1011,0.662,0.5,0,0
C0227,J0100,0.0,0.6,0.1016,0.569,1.0,0,0
C0227,J0030,0.0,0.1,0.0919,0.569,0.5,0,0
C0227,J0038,0.0,0.3,0.1016,0.569,0.5,0,0
C0227,J0192,0.3333,0.5,0.3813,0.569,1.0,1,1
C0228,J0115,0.0,0.8,0.078,0.689,0.5,0,0
C0228,J0099,0.0,0.9,0.0923,0.689,0.5,0,0
C0228,J0097,0.0,0.9,0.081,0.689,0.5,0,0
C0228,J0199,0.0,0.8,0.088,0.689,0.5,0,0
C0229,J0128,0.0,0.6,0.0815,0.761,0.5,0,0
C0229,J0034,0.0,0.8,0.0919,0.761,0.0,0,0
C0229,J0104,0.0,0.6,0.088,0.761,0.5,0,0
C0229,J0172,0.0,0.7,0.0815,0.761,1.0,0,0
C0230,J0200,0.0,0.4,0.1123,0.869,0.0,0,0
C0230,J0106,0.0,0.5,0.1016,0.869,1.0,0,0
C0230,J0105,0.0,0.4,0.1066,0.869,0.0,0,0
C0230,J0155,0.0,0.7,0.1066,0.869,1.0,0,0
C0231,J0041,0.0,1.0,0.087,0.756,0.5,0,0
C0231,J0038,0.3333,1.0,0.393,0.756,0.0,1,1
C0231,J0154,0.0,1.0,0.087,0.756,0.5,0,0
C0231,J0019,0.0,1.0,0.0826,0.756,0.0,0,0
C0232,J0030,0.0,0.0,0.0787,0.593,0.0,0,0
C0232,J0159,0.2222,0.4,0.3423,0.593,0.0,1,0
C0232,J0168,0.3333,0.3,0.4336,0.593,0.0,1,0
C0232,J0179,0.2222,0.4,0.1909,0.593,0.0,0,0
C0233,J0081,0.0,0.7,0.1066,0.689,0.5,0,0
C0233,J0189,0.0,0.4,0.1687,0.689,1.0,0,0
C0233,J0079,0.0,0.6,0.1066,0.689,1.0,0,0
C0233,J0036,0.0,0.7,0.1066,0.689,0.5,0,0
C0234,J0149,0.0,0.4,0.0964,0.883,0.0,0,0
C0234,J0159,0.0,0.6,0.1518,0.883,0.5,0,0
C0234,J0173,0.0,0.6,0.0964,0.883,0.5,0,0
C0234,J0005,0.0,0.2,0.1011,0.883,0.0,0,0
C0235,J0142,0.0,0.4,0.0815,0.994,0.5,0,0
C0235,J0096,0.0,0.8,0.0855,0.994,0.5,0,0
C0235,J0153,0.5,0.7,0.4896,0.994,1.0,1,1
C0235,J0199,0.0,0.7,0.0815,0.994,0.5,0,0
C0236,J0194,0.4,0.5,0.3779,0.923,0.5,1,1
C0236,J0186,0.0,0.8,0.1066,0.923,0.0,0,0
C0236,J0070,0.0,0.7,0.1795,0.923,1.0,1,0
C0236,J0065,0.1429,0.8,0.1518,0.923,0.0,0,0
C0237,J0128,0.0,0.7,0.0956,0.779,0.5,0,0
C0237,J0098,0.0,0.8,0.1264,0.779,0.5,0,0
C0237,J0056,0.0,0.7,0.1078,0.779,1.0,0,0
C0237,J0097,0.0,0.9,0.0992,0.779,1.0,0,0
C0238,J0138,0.0,1.0,0.078,1.0,0.5,0,0
C0238,J0109,0.0,0.9,0.0901,1.0,0.0,0,0
C0238,J0020,0.1,0.8,0.1415,1.0,0.5,0,1
C0238,J0175,0.0,0.7,0.075,1.0,0.5,0,0
C0239,J0194,0.0,0.1,0.0964,0.857,0.5,0,0
C0239,J0025,0.0,0.5,0.1016,0.857,1.0,0,0
C0239,J0014,0.0,0.1,0.0964,0.857,0.5,0,0
C0239,J0090,0.0,0.3,0.1016,0.857,0.5,0,0
C0240,J0064,0.0,0.6,0.0846,0.809,1.0,0,0
C0240,J0077,0.0909,0.3,0.1265,0.809,0.0,0,0
C0240,J0021,0.0,0.6,0.0992,0.809,0.5,0,0
C0240,J0105,0.0,0.5,0.0887,0.809,0.0,0,0
C0241,J0047,0.0,1.0,0.0919,0.701,0.0,0,0
C0241,J0085,0.1667,0.5,0.2988,0.701,1.0,1,1
C0241,J0167,0.1667,0.8,0.2413,0.701,0.0,1,1
C0241,J0071,0.0,0.7,0.1016,0.701,0.5,0,0
C0242,J0182,0.0,0.6,0.075,0.793,1.0,0,0
C0242,J0139,0.0,0.4,0.0935,0.793,0.5,0,0
C0242,J0103,0.0,0.6,0.0935,0.793,1.0,0,0
C0242,J0149,0.4286,0.4,0.3734,0.793,0.5,1,1
C0243,J0090,0.0,0.2,0.1066,0.605,0.5,0,0
C0243,J0084,0.0,0.2,0.0964,0.605,0.5,0,0
C0243,J0088,0.0,0.4,0.0923,0.605,1.0,0,0
C0243,J0145,0.0,0.2,0.1066,0.605,0.5,0,0
C0244,J0161,0.0,0.3,0.088,0.836,0.5,0,0
C0244,J0128,0.0,0.2,0.078,0.836,0.5,0,0
C0244,J0078,0.0,0.5,0.081,0.836,1.0,0,0
C0244,J0013,0.0,0.2,0.0973,0.836,0.5,0,0
C0245,J0135,0.0,0.6,0.088,0.757,0.5,0,0
C0245,J0152,0.2,0.2,0.3457,0.757,0.5,1,0
C0245,J0133,0.0,0.2,0.088,0.757,0.5,0,0
C0245,J0016,0.0,0.5,0.0923,0.757,1.0,0,0
C0246,J0170,0.0,0.7,0.081,0.793,1.0,0,0
C0246,J0064,0.0,0.7,0.0846,0.793,1.0,0,0
C0246,J0028,0.0,0.4,0.0887,0.793,0.5,0,0
C0246,J0023,0.0,0.8,0.0887,0.793,0.5,0,0
C0247,J0136,0.0,0.9,0.1016,0.7,0.5,0,0
C0247,J0069,0.0,0.8,0.0964,0.7,0.0,0,0
C0247,J0184,0.0,1.0,0.1016,0.7,0.0,0,0
C0247,J0024,0.0,1.0,0.0919,0.7,0.5,0,0
C0248,J0190,0.0,1.0,0.1016,0.751,0.0,0,0
C0248,J0148,0.0,1.0,0.1016,0.751,0.5,0,0
C0248,J0097,0.0,1.0,0.0935,0.751,0.5,0,0
C0248,J0170,0.1667,0.9,0.1533,0.751,0.5,0,0
C0249,J0191,0.0,0.7,0.1351,0.616,0.5,0,0
C0249,J0053,0.0,0.8,0.1274,0.616,1.0,0,0
C0249,J0161,0.0,0.7,0.1152,0.616,1.0,0,0
C0249,J0025,0.0,0.8,0.1274,0.616,0.5,0,0
C0250,J0134,0.0,0.3,0.0973,0.86,0.0,0,0
C0250,J0198,0.0,0.4,0.1066,0.86,0.5,0,0
C0250,J0154,0.0,0.3,0.1123,0.86,0.0,0,0
C0250,J0013,0.0,0.2,0.1123,0.86,0.0,0,0
C0251,J0124,0.0,0.6,0.0787,0.745,1.0,0,0
C0251,J0172,0.0,0.9,0.0698,0.745,0.5,0,0
C0251,J0062,0.0,1.0,0.0826,0.745,0.5,0,0
C0251,J0132,0.0,0.8,0.0787,0.745,1.0,0,0
C0252,J0161,0.3333,1.0,0.4368,0.705,0.0,1,1
C0252,J0128,0.5,0.9,0.5031,0.705,0.0,1,1
C0252,J0144,0.0,0.9,0.0901,0.705,0.0,0,0
C0252,J0175,0.0,0.9,0.075,0.705,0.5,0,0
C0253,J0067,0.0,0.9,0.1191,0.687,1.0,0,0
C0253,J0024,0.1667,1.0,0.1604,0.687,0.5,0,0
C0253,J0004,0.0,1.0,0.1016,0.687,0.5,0,0
C0253,J0193,0.0,0.6,0.1066,0.687,1.0,0,0
C0254,J0152,0.0,0.0,0.113,0.858,0.5,0,0
C0254,J0007,0.0,0.3,0.0956,0.858,0.0,0,0
C0254,J0100,0.0,0.5,0.1191,0.858,0.0,0,0
C0254,J0056,0.0,0.2,0.1078,0.858,0.5,0,0
C0255,J0198,0.0,0.5,0.1066,0.762,1.0,0,0
C0255,J0002,0.0,0.5,0.1066,0.762,0.5,0,0
C0255,J0196,0.4,0.3,0.4111,0.762,0.0,1,1
C0255,J0085,0.0,0.1,0.1123,0.762,0.5,0,0
C0256,J0040,0.0,0.7,0.088,0.626,1.0,0,0
C0256,J0195,0.0,0.4,0.0919,0.626,0.5,0,0
C0256,J0161,0.0,0.7,0.0919,0.626,1.0,0,0
C0256,J0125,0.125,0.7,0.1604,0.626,1.0,0,0
C0257,J0006,0.0,0.6,0.1032,0.877,0.5,0,0
C0257,J0168,0.0,0.7,0.0992,0.877,0.5,0,0
C0257,J0017,0.0,0.4,0.1078,0.877,0.5,0,0
C0257,J0043,0.25,0.8,0.1898,0.877,0.5,0,1
C0258,J0032,0.0,0.4,0.0923,0.603,1.0,0,0
C0258,J0054,0.125,0.3,0.145,0.603,0.5,0,0
C0258,J0095,0.0,0.2,0.088,0.603,0.5,0,0
C0258,J0024,0.6667,0.5,0.4745,0.603,1.0,1,1
C0259,J0130,0.1,0.6,0.1391,0.521,1.0,0,0
C0259,J0097,0.0,0.7,0.0778,0.521,1.0,0,0
C0259,J0078,0.0,0.8,0.0778,0.521,1.0,0,0
C0259,J0061,0.2222,0.6,0.3225,0.521,1.0,1,1
C0260,J0179,0.0,0.8,0.1191,0.69,0.5,0,0
C0260,J0059,0.0,0.6,0.1191,0.69,1.0,0,0
C0260,J0018,0.0,0.4,0.113,0.69,0.0,0,0
C0260,J0167,0.0,0.7,0.1264,0.69,0.5,0,0
C0261,J0044,0.0,0.3,0.1066,0.603,0.5,0,0
C0261,J0039,0.0,0.7,0.1066,0.603,0.5,0,0
C0261,J0082,0.0,0.8,0.1066,0.603,0.0,0,0
C0261,J0159,0.1667,0.7,0.1518,0.603,0.5,0,0
C0262,J0142,0.0,0.1,0.0846,0.928,0.5,0,0
C0262,J0150,0.0,0.4,0.0887,0.928,0.0,0,0
C0262,J0118,0.0,0.5,0.0935,0.928,0.5,0,0
C0262,J0121,0.0833,0.4,0.1265,0.928,0.0,0,0
C0263,J0008,0.1111,0.7,0.138,0.844,1.0,0,0
C0263,J0124,0.2222,0.2,0.3189,0.844,0.0,1,0
C0263,J0086,0.0,0.4,0.088,0.844,0.5,0,0
C0263,J0065,0.1,0.5,0.138,0.844,0.5,0,1
C0264,J0080,0.0,0.5,0.0935,0.67,1.0,0,0
C0264,J0028,0.4,0.5,0.4043,0.67,1.0,1,1
C0264,J0024,0.0,1.0,0.0846,0.67,0.5,0,0
C0264,J0164,0.0,0.7,0.1976,0.67,1.0,0,0
C0265,J0067,0.0,0.7,0.0992,0.708,1.0,0,0
C0265,J0010,0.0,0.8,0.0846,0.708,1.0,0,0
C0265,J0040,0.2,0.7,0.4247,0.708,1.0,1,1
C0265,J0058,0.0,0.4,0.081,0.708,0.5,0,0
C0266,J0169,0.0,0.4,0.1016,0.506,0.5,0,0
C0266,J0080,0.2,0.1,0.1783,0.506,0.5,0,0
C0266,J0064,0.0,0.4,0.1016,0.506,0.5,0,0
C0266,J0127,0.0,0.4,0.1191,0.506,0.5,0,0
C0267,J0172,0.0,0.6,0.0956,0.797,0.5,0,0
C0267,J0022,0.25,0.5,0.1795,0.797,0.5,0,1
C0267,J0199,0.0,0.6,0.1078,0.797,0.5,0,0
C0267,J0096,0.5,0.7,0.436,0.797,0.0,1,1
C0268,J0135,0.0,1.0,0.1078,0.736,0.5,0,0
C0268,J0117,0.0,0.8,0.1191,0.736,1.0,0,0
C0268,J0030,0.0,0.6,0.1078,0.736,1.0,0,0
C0268,J0022,0.0,0.8,0.113,0.736,0.5,0,0
C0269,J0146,0.5,0.4,0.4414,0.846,1.0,1,1
C0269,J0083,0.2857,0.3,0.2129,0.846,0.5,0,0
C0269,J0129,0.1667,0.4,0.3158,0.846,1.0,1,1
C0269,J0162,0.1429,0.4,0.1596,0.846,1.0,0,0
C0270,J0082,0.1667,0.8,0.1604,0.954,0.5,0,1
C0270,J0116,0.0,0.7,0.0964,0.954,0.0,0,0
C0270,J0087,0.0,0.5,0.0919,0.954,0.5,0,0
C0270,J0095,0.0,0.5,0.0919,0.954,1.0,0,0
C0271,J0092,0.0,0.0,0.1274,0.815,0.0,0,0
C0271,J0063,0.1,0.5,0.1339,0.815,0.5,0,0
C0271,J0060,0.0,0.2,0.0855,0.815,0.5,0,0
C0271,J0042,0.0,0.3,0.0901,0.815,0.5,0,0
C0272,J0159,0.0,0.5,0.1189,0.83,0.5,0,0
C0272,J0011,0.0,0.5,0.0676,0.83,0.5,0,0
C0272,J0195,0.0,0.1,0.0762,0.83,0.0,0,0
C0272,J0157,0.0,0.4,0.0843,0.83,0.0,0,0
C0273,J0190,0.0,0.9,0.0846,0.787,0.0,0,0
C0273,J0077,0.0,0.5,0.081,0.787,1.0,0,0
C0273,J0179,0.1111,0.9,0.1471,0.787,0.5,0,0
C0273,J0042,0.0,0.8,0.0935,0.787,1.0,0,0
C0274,J0031,0.0,0.4,0.0855,0.924,0.0,0,0
C0274,J0135,0.0,0.5,0.0815,0.924,0.5,0,0
C0274,J0052,0.0,0.6,0.0855,0.924,1.0,0,0
C0274,J0016,0.0,0.4,0.0855,0.924,0.5,0,0
C0275,J0120,0.0,0.3,0.0826,0.682,0.5,0,0
C0275,J0167,0.0,0.4,0.0923,0.682,0.5,0,0
C0275,J0091,0.0,0.5,0.087,0.682,1.0,0,0
C0275,J0029,0.0,0.1,0.0787,0.682,0.5,0,0
C0276,J0113,0.0,0.6,0.1274,0.588,1.0,0,0
C0276,J0160,0.25,0.6,0.2912,0.588,1.0,1,1
C0276,J0079,0.0,0.4,0.1208,0.588,0.5,0,0
C0276,J0196,0.0,0.4,0.1021,0.588,0.5,0,0
C0277,J0096,0.0,0.4,0.0964,0.507,0.5,0,0
C0277,J0094,0.0,0.3,0.1016,0.507,0.5,0,0
C0277,J0156,0.0,0.3,0.1078,0.507,0.5,0,0
C0277,J0052,0.0,0.5,0.0964,0.507,1.0,0,0
C0278,J0127,0.0,0.7,0.0992,0.818,0.5,0,0
C0278,J0051,0.0,0.7,0.0887,0.818,1.0,0,0
C0278,J0158,0.0,0.7,0.0935,0.818,0.5,0,0
C0278,J0142,0.0,0.4,0.0846,0.818,0.5,0,0
C0279,J0145,0.0,0.7,0.1016,0.512,0.0,0,0
C0279,J0133,0.0,0.5,0.0919,0.512,0.5,0,0
C0279,J0196,0.0,0.7,0.0815,0.512,0.5,0,0
C0279,J0080,0.0,0.5,0.1016,0.512,0.5,0,0
C0280,J0152,0.0,0.4,0.0923,0.627,0.5,0,0
C0280,J0088,0.0,0.8,0.0843,0.627,0.5,0,0
C0280,J0072,0.0,0.8,0.088,0.627,0.5,0,0
C0280,J0023,0.0,0.8,0.0923,0.627,1.0,0,0
C0281,J0143,0.0,0.6,0.0826,0.757,1.0,0,0
C0281,J0195,0.0,0.3,0.0787,0.757,0.5,0,0
C0281,J0123,0.0,0.6,0.087,0.757,1.0,0,0
C0281,J0144,0.0,0.5,0.087,0.757,1.0,0,0
C0282,J0160,0.0,0.7,0.0935,0.642,0.5,0,0
C0282,J0054,0.375,0.6,0.3973,0.642,1.0,1,1
C0282,J0136,0.0,0.7,0.0935,0.642,0.5,0,0
C0282,J0084,0.0,0.5,0.0846,0.642,0.5,0,0
C0283,J0008,0.0,1.0,0.0846,0.725,0.5,0,0
C0283,J0188,0.0,1.0,0.075,0.725,0.5,0,0
C0283,J0183,0.0,1.0,0.0887,0.725,0.5,0,0
C0283,J0080,0.0,0.8,0.0935,0.725,1.0,0,0
C0284,J0109,0.0,0.8,0.1123,0.733,1.0,0,0
C0284,J0066,0.0,0.7,0.087,0.733,1.0,0,0
C0284,J0062,0.4,0.9,0.4039,0.733,0.5,1,1
C0284,J0189,0.0,0.4,0.1687,0.733,0.5,0,0
C0285,J0156,0.0,0.7,0.1032,0.606,1.0,0,0
C0285,J0173,0.0,0.8,0.088,0.606,0.5,0,0
C0285,J0137,0.0,0.6,0.0843,0.606,0.5,0,0
C0285,J0095,0.0,0.6,0.088,0.606,1.0,0,0
C0286,J0176,0.0,0.8,0.1783,0.596,1.0,0,0
C0286,J0008,0.0,1.0,0.1016,0.596,0.5,0,0
C0286,J0152,0.2,0.5,0.3158,0.596,1.0,1,0
C0286,J0156,0.0,0.8,0.1191,0.596,0.5,0,0
C0287,J0117,0.0,0.7,0.1783,0.829,1.0,0,0
C0287,J0123,0.0,0.8,0.1123,0.829,0.5,0,0
C0287,J0095,0.0,0.7,0.1016,0.829,0.5,0,0
C0287,J0198,0.0,0.9,0.1066,0.829,0.5,0,0
C0288,J0161,0.0,0.8,0.0919,0.69,1.0,0,0
C0288,J0038,0.0,0.7,0.1016,0.69,0.5,0,0
C0288,J0094,0.0,0.8,0.1016,0.69,0.5,0,0
C0288,J0011,0.0,0.9,0.0815,0.69,0.5,0,0
C0289,J0041,0.0,0.5,0.0973,0.826,1.0,0,0
C0289,J0097,0.0,0.6,0.081,0.826,1.0,0,0
C0289,J0106,0.0,0.5,0.088,0.826,1.0,0,0
C0289,J0150,0.0,0.5,0.0923,0.826,0.5,0,0
C0290,J0008,0.0,1.0,0.1078,0.495,0.5,0,0
C0290,J0077,0.0,0.7,0.1032,0.495,1.0,0,0
C0290,J0074,0.1667,1.0,0.2413,0.495,0.5,1,0
C0290,J0166,0.0,1.0,0.1078,0.495,0.5,0,0
C0291,J0070,0.0,0.7,0.113,0.802,1.0,0,0
C0291,J0057,0.125,0.8,0.1518,0.802,0.0,0,0
C0291,J0012,0.0,0.8,0.0923,0.802,0.0,0,0
C0291,J0146,0.5,0.8,0.4414,0.802,0.5,1,1
C0292,J0049,0.0,0.5,0.1066,0.784,0.0,0,0
C0292,J0013,0.0,0.5,0.1783,0.784,0.5,0,0
C0292,J0195,0.0,0.3,0.1016,0.784,0.0,0,0
C0292,J0114,0.0,0.6,0.1123,0.784,1.0,0,0
C0293,J0087,0.0,0.8,0.0964,0.766,1.0,0,0
C0293,J0051,0.0,0.9,0.1011,0.766,1.0,0,0
C0293,J0154,0.0,0.9,0.1066,0.766,0.5,0,0
C0293,J0022,0.0,0.8,0.1011,0.766,1.0,0,0
C0294,J0062,0.0,0.9,0.2072,0.48,0.5,0,0
C0294,J0158,0.0,0.7,0.0973,0.48,0.0,0,0
C0294,J0017,0.0,0.4,0.088,0.48,0.5,0,0
C0294,J0131,0.0,0.4,0.1032,0.48,0.5,0,0
C0295,J0175,0.0,0.4,0.0778,0.635,1.0,0,0
C0295,J0183,0.0,0.5,0.0887,0.635,0.5,0,0
C0295,J0122,0.125,0.7,0.1471,0.635,1.0,0,1
C0295,J0171,0.0,0.5,0.1391,0.635,1.0,0,0
C0296,J0161,0.0,0.6,0.088,0.623,1.0,0,0
C0296,J0142,0.0,0.3,0.088,0.623,0.5,0,0
C0296,J0007,0.0,0.6,0.078,0.623,0.5,0,0
C0296,J0034,0.0,0.7,0.088,0.623,0.5,0,0
C0297,J0038,0.0,0.3,0.0935,0.796,0.0,0,0
C0297,J0137,0.0,0.3,0.081,0.796,0.0,0,0
C0297,J0194,0.125,0.1,0.1391,0.796,0.0,0,0
C0297,J0138,0.0,0.6,0.081,0.796,1.0,0,0
C0298,J0037,0.0,0.9,0.0964,0.84,1.0,0,0
C0298,J0011,0.0,0.8,0.0815,0.84,1.0,0,0
C0298,J0115,0.0,0.7,0.0815,0.84,1.0,0,0
C0298,J0041,0.0,0.7,0.1016,0.84,1.0,0,0
C0299,J0200,0.0,0.9,0.0973,0.869,0.5,0,0
C0299,J0001,0.1,1.0,0.1318,0.869,1.0,0,0
C0299,J0024,0.0,1.0,0.088,0.869,0.5,0,0
C0299,J0173,0.5714,1.0,0.4745,0.869,0.5,1,1
C0300,J0107,0.1667,0.8,0.1565,1.0,0.5,0,0
C0300,J0087,0.0,0.7,0.1078,1.0,1.0,0,0
C0300,J0124,0.1667,0.5,0.1708,1.0,0.5,0,1
C0300,J0014,0.0,0.5,0.1795,1.0,0.5,0,0
C0301,J0113,0.0,1.0,0.087,0.925,0.5,0,0
C0301,J0104,0.0,0.8,0.0754,0.925,0.5,0,0
C0301,J0164,0.0,0.8,0.0826,0.925,0.5,0,0
C0301,J0176,0.0,0.9,0.087,0.925,1.0,0,0
C0302,J0061,0.0,0.5,0.1208,0.611,1.0,0,0
C0302,J0011,0.0,0.6,0.1021,0.611,1.0,0,0
C0302,J0050,0.0,0.4,0.1274,0.611,0.5,0,0
C0302,J0074,0.75,0.5,0.4502,0.611,1.0,1,1
C0303,J0028,0.0,0.3,0.1066,0.795,0.5,0,0
C0303,J0053,0.0,0.7,0.1123,0.795,1.0,0,0
C0303,J0117,0.0,0.5,0.1123,0.795,0.5,0,0
C0303,J0127,0.0,0.6,0.1191,0.795,1.0,0,0
C0304,J0094,0.0,1.0,0.1191,0.714,0.5,0,0
C0304,J0018,0.1667,0.7,0.3391,0.714,0.0,1,1
C0304,J0107,0.0,1.0,0.0992,0.714,0.0,0,0
C0304,J0093,0.0,0.7,0.1191,0.714,0.5,0,0
C0305,J0083,0.1667,0.8,0.3208,0.864,1.0,1,1
C0305,J0085,0.0,0.6,0.1191,0.864,1.0,0,0
C0305,J0061,0.2,0.9,0.3391,0.864,0.0,1,1
C0305,J0089,0.2,0.6,0.3609,0.864,0.5,1,1
C0306,J0152,0.1429,0.7,0.3128,0.848,0.5,1,1
C0306,J0076,0.0,1.0,0.0815,0.848,0.0,0,0
C0306,J0081,0.0,1.0,0.0855,0.848,0.0,0,0
C0306,J0016,0.0,1.0,0.0855,0.848,0.0,0,0
C0307,J0180,0.0,0.4,0.0956,0.906,0.5,0,0
C0307,J0035,0.0,0.9,0.1708,0.906,0.0,0,0
C0307,J0091,0.0,0.8,0.1191,0.906,0.0,0,0
C0307,J0041,0.0,0.7,0.1191,0.906,1.0,0,0
C0308,J0191,0.0,0.5,0.0956,0.533,0.5,0,0
C0308,J0065,0.0,0.5,0.0815,0.533,0.5,0,0
C0308,J0067,0.0,0.5,0.0956,0.533,0.5,0,0
C0308,J0030,0.0,0.2,0.0815,0.533,0.0,0,0
C0309,J0092,0.0,0.3,0.1323,0.569,0.0,0,0
C0309,J0130,0.2857,0.6,0.3225,0.569,0.5,1,1
C0309,J0048,0.0,0.5,0.0887,0.569,1.0,0,0
C0309,J0142,0.0,0.3,0.0846,0.569,0.5,0,0
C0310,J0114,0.1667,0.5,0.2988,0.694,0.5,1,1
C0310,J0187,0.0,0.4,0.088,0.694,1.0,0,0
C0310,J0083,0.0,0.4,0.0919,0.694,0.5,0,0
C0310,J0055,0.0,0.7,0.0964,0.694,1.0,0,0
C0311,J0112,0.0,0.6,0.1264,0.907,0.5,0,0
C0311,J0122,0.25,0.9,0.1898,0.907,0.5,0,1
C0311,J0066,0.0,0.7,0.0923,0.907,1.0,0,0
C0311,J0050,0.0,0.6,0.1191,0.907,0.5,0,0
C0312,J0126,0.0,0.3,0.1123,0.762,0.0,0,0
C0312,J0146,0.0,0.4,0.1016,0.762,0.0,0,0
C0312,J0078,0.0,0.6,0.0935,0.762,0.5,0,0
C0312,J0115,0.0,0.4,0.263,0.762,0.5,1,0
C0313,J0054,0.0,0.8,0.113,0.615,1.0,0,0
C0313,J0136,0.0,0.9,0.1191,0.615,0.5,0,0
C0313,J0038,0.0,0.7,0.1191,0.615,0.5,0,0
C0313,J0129,0.0,0.8,0.1191,0.615,1.0,0,0
C0314,J0050,0.0,0.7,0.1016,0.773,0.0,0,0
C0314,J0007,0.4,0.8,0.5101,0.773,0.5,1,1
C0314,J0135,0.0,0.9,0.0919,0.773,0.0,0,0
C0314,J0150,0.0,0.8,0.0964,0.773,0.0,0,0
C0315,J0059,0.0,0.7,0.1016,0.742,1.0,0,0
C0315,J0130,0.125,0.8,0.1518,0.742,0.5,0,1
C0315,J0193,0.25,0.5,0.3564,0.742,0.5,1,1
C0315,J0120,0.0,0.7,0.0964,0.742,1.0,0,0
C0316,J0062,0.0,1.0,0.1011,0.797,0.0,0,0
C0316,J0095,0.0,0.7,0.0964,0.797,0.5,0,0
C0316,J0075,0.0,0.9,0.0855,0.797,0.0,0,0
C0316,J0041,0.0,0.8,0.1066,0.797,0.5,0,0
C0317,J0169,0.0,0.5,0.0846,0.769,0.5,0,0
C0317,J0082,0.0,0.7,0.0935,0.769,1.0,0,0
C0317,J0022,0.1429,0.4,0.1391,0.769,0.5,0,0
C0317,J0088,0.0,0.6,0.081,0.769,1.0,0,0
C0318,J0165,0.0,0.7,0.0843,0.803,1.0,0,0
C0318,J0194,0.1,0.5,0.145,0.803,0.5,0,0
C0318,J0182,0.0,0.9,0.078,0.803,0.0,0,0
C0318,J0089,0.2222,0.5,0.2842,0.803,0.5,1,1
C0319,J0079,0.0,0.7,0.0923,0.718,1.0,0,0
C0319,J0137,0.0,0.7,0.0843,0.718,0.5,0,0
C0319,J0188,0.4286,0.9,0.4133,0.718,0.0,1,1
C0319,J0125,0.0,0.8,0.0973,0.718,0.5,0,0
C0320,J0185,0.375,0.6,0.4453,0.576,1.0,1,1
C0320,J0156,0.2857,0.6,0.2598,0.576,1.0,1,1
C0320,J0021,0.0,0.6,0.0894,0.576,1.0,0,0
C0320,J0035,0.0,0.8,0.1189,0.576,1.0,0,0
C0321,J0055,0.0,0.8,0.0887,0.747,1.0,0,0
C0321,J0189,0.2,0.3,0.4043,0.747,0.5,1,0
C0321,J0111,0.4,0.7,0.4043,0.747,0.5,1,1
C0321,J0145,0.0,0.5,0.0935,0.747,0.5,0,0
C0322,J0017,0.0,0.2,0.1016,0.877,0.5,0,0
C0322,J0038,0.0,0.4,0.1123,0.877,0.0,0,0
C0322,J0172,0.0,0.5,0.0901,0.877,1.0,0,0
C0322,J0016,0.0,0.5,0.1066,0.877,1.0,0,0
C0323,J0188,0.0,0.9,0.075,0.862,0.5,0,0
C0323,J0033,0.0,1.0,0.0724,0.862,0.5,0,0
C0323,J0129,0.25,0.8,0.3446,0.862,0.5,1,1
C0323,J0095,0.0,0.7,0.0846,0.862,1.0,0,0
C0324,J0091,0.0,0.8,0.1123,0.809,0.5,0,0
C0324,J0012,0.75,0.7,0.5473,0.809,1.0,1,1
C0324,J0159,0.0,0.8,0.1016,0.809,1.0,0,0
C0324,J0182,0.0,0.8,0.0901,0.809,0.5,0,0
C0325,J0020,0.0,1.0,0.2912,0.886,0.5,1,0
C0325,J0151,0.1667,1.0,0.1834,0.886,0.5,0,0
C0325,J0063,0.0,1.0,0.1208,0.886,0.5,0,0
C0325,J0094,0.0,1.0,0.1274,0.886,0.5,0,0
C0326,J0175,0.0,0.4,0.0887,0.749,1.0,0,0
C0326,J0158,0.0,0.5,0.1066,0.749,1.0,0,0
C0326,J0113,0.0,0.6,0.1066,0.749,1.0,0,0
C0326,J0089,0.0,0.2,0.1066,0.749,0.5,0,0
C0327,J0047,0.0,1.0,0.088,0.684,0.5,0,0
C0327,J0119,0.0,0.9,0.0973,0.684,0.5,0,0
C0327,J0104,0.0,0.9,0.1318,0.684,0.5,0,0
C0327,J0042,0.0,1.0,0.0973,0.684,0.5,0,0
C0328,J0151,0.0833,1.0,0.1274,0.768,0.5,0,0
C0328,J0068,0.0,1.0,0.0855,0.768,0.0,0,0
C0328,J0200,0.0,1.0,0.0901,0.768,0.0,0,0
C0328,J0007,0.0,1.0,0.0723,0.768,0.0,0,0
C0329,J0039,0.0,0.7,0.0973,0.704,1.0,0,0
C0329,J0107,0.0,0.6,0.081,0.704,1.0,0,0
C0329,J0178,0.0,0.5,0.0923,0.704,0.5,0,0
C0329,J0052,0.0,0.8,0.0923,0.704,1.0,0,0
C0330,J0127,0.25,0.6,0.3113,0.53,0.5,1,1
C0330,J0152,0.0,0.3,0.1208,0.53,0.5,0,0
C0330,J0168,0.0,0.6,0.106,0.53,0.5,0,0
C0330,J0161,0.0,0.6,0.1152,0.53,0.5,0,0
C0331,J0017,0.0909,0.4,0.1323,0.67,0.5,0,0
C0331,J0001,0.0909,0.7,0.1265,0.67,1.0,0,0
C0331,J0145,0.0,0.6,0.0935,0.67,0.5,0,0
C0331,J0040,0.0,0.7,0.081,0.67,1.0,0,0
C0332,J0121,0.125,0.5,0.145,0.554,0.0,0,0
C0332,J0114,0.0,0.5,0.1066,0.554,0.5,0,0
C0332,J0095,0.0,0.4,0.0964,0.554,0.5,0,0
C0332,J0098,0.0,0.5,0.113,0.554,0.0,0,0
C0333,J0113,0.1429,0.7,0.3158,0.713,0.5,1,1
C0333,J0123,0.0,0.6,0.1066,0.713,0.5,0,0
C0333,J0054,0.1429,0.6,0.1596,0.713,1.0,0,1
C0333,J0174,0.0,0.8,0.0826,0.713,1.0,0,0
C0334,J0035,0.2857,0.7,0.3924,0.939,1.0,1,1
C0334,J0139,0.0,0.4,0.0973,0.939,0.5,0,0
C0334,J0020,0.1429,0.5,0.1533,0.939,1.0,0,1
C0334,J0072,0.0,0.6,0.088,0.939,1.0,0,0
C0335,J0066,0.5714,0.6,0.5751,0.547,1.0,1,1
C0335,J0051,0.0,0.6,0.125,0.547,1.0,0,0
C0335,J0058,0.0,0.3,0.1136,0.547,0.5,0,0
C0335,J0193,0.0,0.3,0.08,0.547,0.5,0,0
C0336,J0039,0.125,0.7,0.1533,0.75,1.0,0,1
C0336,J0160,0.0,0.7,0.0973,0.75,0.5,0,0
C0336,J0006,0.0,0.5,0.0843,0.75,0.5,0,0
C0336,J0063,0.0,0.8,0.0923,0.75,0.5,0,0
C0337,J0040,0.0,0.7,0.1032,0.776,1.0,0,0
C0337,J0075,0.0,0.8,0.0956,0.776,0.5,0,0
C0337,J0083,0.0,0.6,0.1078,0.776,1.0,0,0
C0337,J0166,0.0,0.8,0.1078,0.776,0.5,0,0
C0338,J0149,0.0,0.6,0.0815,0.699,1.0,0,0
C0338,J0054,0.3333,0.7,0.3797,0.699,1.0,1,1
C0338,J0019,0.0,0.7,0.0855,0.699,1.0,0,0
C0338,J0126,0.2222,0.6,0.33,0.699,1.0,1,1
C0339,J0136,0.0,0.4,0.1066,0.589,0.5,0,0
C0339,J0177,0.0,0.0,0.113,0.589,0.5,0,0
C0339,J0162,0.0,0.3,0.2244,0.589,0.5,1,0
C0339,J0149,0.0,0.2,0.0964,0.589,0.5,0,0
C0340,J0160,0.0,0.5,0.1123,0.335,0.5,0,0
C0340,J0199,0.0,0.4,0.1016,0.335,0.0,0,0
C0340,J0172,0.2,0.4,0.4111,0.335,0.5,1,0
C0340,J0124,0.0,0.1,0.1016,0.335,0.0,0,0
C0341,J0115,0.0,0.8,0.0855,0.738,0.5,0,0
C0341,J0144,0.2,0.7,0.3158,0.738,1.0,1,1
C0341,J0138,0.0,1.0,0.0923,0.738,0.5,0,0
C0341,J0052,0.0,1.0,0.1011,0.738,0.5,0,0
C0342,J0035,0.0,1.0,0.0919,0.811,0.5,0,0
C0342,J0060,0.0,1.0,0.0964,0.811,0.5,0,0
C0342,J0163,0.0,1.0,0.0919,0.811,0.5,0,0
C0342,J0017,0.1111,0.8,0.1444,0.811,1.0,0,0
C0343,J0194,0.2,0.1,0.1795,0.734,0.0,0,0
C0343,J0139,0.0,0.3,0.1191,0.734,0.5,0,0
C0343,J0136,0.0,0.5,0.1191,0.734,0.5,0,0
C0343,J0114,0.0,0.4,0.1191,0.734,0.5,0,0
C0344,J0060,0.0,0.8,0.1066,0.935,0.5,0,0
C0344,J0048,0.1667,0.8,0.3158,0.935,0.5,1,1
C0344,J0128,0.0,0.8,0.0901,0.935,0.5,0,0
C0344,J0168,0.0,0.9,0.0935,0.935,0.5,0,0
C0345,J0175,0.0,0.9,0.0724,0.817,0.5,0,0
C0345,J0062,0.0,1.0,0.1818,0.817,0.5,0,0
C0345,J0007,0.4286,1.0,0.4798,0.817,0.5,1,1
C0345,J0172,0.5,1.0,0.5538,0.817,0.5,1,1
C0346,J0090,0.0,0.9,0.0973,0.642,1.0,0,0
C0346,J0160,0.0,1.0,0.0973,0.642,0.0,0,0
C0346,J0101,0.0,1.0,0.0973,0.642,0.0,0,0
C0346,J0039,0.0,1.0,0.0973,0.642,0.5,0,0
C0347,J0123,0.0,0.3,0.1191,0.49,0.5,0,0
C0347,J0197,0.0,0.3,0.1078,0.49,0.5,0,0
C0347,J0016,0.0,0.3,0.113,0.49,0.5,0,0
C0347,J0058,0.0,0.0,0.1032,0.49,0.5,0,0
C0348,J0149,0.0,0.3,0.0815,0.567,0.0,0,0
C0348,J0055,0.3333,0.6,0.3797,0.567,1.0,1,1
C0348,J0022,0.1,0.3,0.1339,0.567,0.0,0,0
C0348,J0150,0.0,0.4,0.0855,0.567,0.0,0,0
C0349,J0062,0.0909,1.0,0.1339,0.841,0.0,0,0
C0349,J0157,0.2222,0.8,0.33,0.841,0.0,1,1
C0349,J0105,0.2,0.7,0.3088,0.841,0.5,1,1
C0349,J0028,0.0,0.5,0.0855,0.841,0.5,0,0
C0350,J0096,0.3333,1.0,0.4039,0.898,0.5,1,1
C0350,J0034,0.0,1.0,0.1016,0.898,0.5,0,0
C0350,J0078,0.0,1.0,0.0935,0.898,0.5,0,0
C0350,J0077,0.0,0.6,0.0973,0.898,1.0,0,0
C0351,J0168,0.0,0.4,0.0778,0.752,1.0,0,0
C0351,J0015,0.375,0.5,0.3973,0.752,1.0,1,1
C0351,J0149,0.0,0.3,0.0846,0.752,0.5,0,0
C0351,J0144,0.0,0.3,0.0935,0.752,0.5,0,0
C0352,J0122,0.2,0.7,0.1783,0.839,0.5,0,1
C0352,J0013,0.0,0.4,0.1123,0.839,0.5,0,0
C0352,J0034,0.1429,0.6,0.1604,0.839,0.5,0,0
C0352,J0031,0.0,0.5,0.1066,0.839,0.5,0,0
C0353,J0076,0.125,0.4,0.1518,0.785,0.5,0,0
C0353,J0048,0.0,0.2,0.1011,0.785,0.5,0,0
C0353,J0024,0.125,0.5,0.1518,0.785,1.0,0,1
C0353,J0078,0.2857,0.5,0.3225,0.785,1.0,1,1
C0354,J0183,0.0,0.3,0.08,0.932,0.5,0,0
C0354,J0184,0.0,0.5,0.0843,0.932,1.0,0,0
C0354,J0139,0.0,0.2,0.0843,0.932,0.5,0,0
C0354,J0145,0.2857,0.2,0.3056,0.932,0.5,1,1
C0355,J0045,0.1667,0.5,0.2413,0.711,1.0,1,1
C0355,J0001,0.2857,0.5,0.3189,0.711,1.0,1,1
C0355,J0196,0.0,0.4,0.0815,0.711,0.5,0,0
C0355,J0100,0.0,0.7,0.1016,0.711,0.5,0,0
C0356,J0018,0.1667,0.5,0.1795,0.758,1.0,0,0
C0356,J0189,0.0,0.5,0.113,0.758,1.0,0,0
C0356,J0156,0.0,0.8,0.202,0.758,0.5,0,0
C0356,J0153,0.0,0.8,0.1032,0.758,0.5,0,0
C0357,J0059,0.0,0.3,0.1016,0.507,0.5,0,0
C0357,J0056,0.2,0.3,0.3468,0.507,0.5,1,0
C0357,J0071,0.0,0.3,0.1016,0.507,0.0,0,0
C0357,J0144,0.0,0.3,0.1016,0.507,0.0,0,0
C0358,J0128,0.0,0.4,0.1587,0.747,0.5,0,0
C0358,J0008,0.0,0.7,0.0815,0.747,1.0,0,0
C0358,J0147,0.1111,0.5,0.1339,0.747,0.5,0,1
C0358,J0117,0.125,0.4,0.1415,0.747,0.0,0,0
C0359,J0128,0.0,0.7,0.075,0.701,1.0,0,0
C0359,J0200,0.0,0.7,0.0935,0.701,1.0,0,0
C0359,J0199,0.0,0.8,0.0846,0.701,1.0,0,0
C0359,J0004,0.0833,1.0,0.1323,0.701,0.5,0,0
C0360,J0027,0.0,0.2,0.1016,0.777,0.5,0,0
C0360,J0192,0.1429,0.6,0.3104,0.777,1.0,1,1
C0360,J0169,0.0,0.5,0.0919,0.777,1.0,0,0
C0360,J0046,0.0,0.6,0.0919,0.777,1.0,0,0
C0361,J0124,0.0,0.5,0.0762,1.0,1.0,0,0
C0361,J0084,0.0,0.7,0.0762,1.0,0.5,0,0
C0361,J0038,0.2857,0.7,0.377,1.0,0.5,1,1
C0361,J0023,0.0,0.9,0.125,1.0,0.5,0,0
C0362,J0105,0.0,0.6,0.0923,0.644,1.0,0,0
C0362,J0123,0.1429,0.7,0.2153,0.644,1.0,1,1
C0362,J0163,0.0,0.9,0.088,0.644,0.5,0,0
C0362,J0181,0.0,0.7,0.0973,0.644,1.0,0,0
C0363,J0072,0.3333,0.7,0.4368,0.508,1.0,1,1
C0363,J0031,0.0,0.6,0.0855,0.508,1.0,0,0
C0363,J0114,0.1667,0.6,0.333,0.508,1.0,1,1
C0363,J0004,0.0,0.8,0.0815,0.508,1.0,0,0
C0364,J0153,0.0,0.8,0.145,0.678,0.0,0,0
C0364,J0147,0.1667,0.8,0.1596,0.678,0.5,0,0
C0364,J0011,0.0,0.9,0.1892,0.678,0.0,0,0
C0364,J0024,0.1429,1.0,0.2129,0.678,0.5,1,1
C0365,J0049,0.1667,0.4,0.1596,0.712,0.5,0,0
C0365,J0076,0.1429,0.6,0.1518,0.712,0.5,0,0
C0365,J0120,0.0,0.4,0.1011,0.712,1.0,0,0
C0365,J0104,0.0,0.4,0.145,0.712,0.5,0,0
C0366,J0015,0.0,1.0,0.1011,0.707,0.5,0,0
C0366,J0155,0.0,1.0,0.1011,0.707,0.5,0,0
C0366,J0102,0.0,1.0,0.0964,0.707,0.0,0,0
C0366,J0024,0.0,1.0,0.0964,0.707,0.5,0,0
C0367,J0129,0.0,0.3,0.0901,0.951,0.5,0,0
C0367,J0092,0.2857,0.0,0.3628,0.951,0.0,1,0
C0367,J0100,0.0,0.5,0.0901,0.951,0.5,0,0
C0367,J0087,0.2857,0.2,0.3628,0.951,0.0,1,1
C0368,J0135,0.2857,0.7,0.3564,0.746,0.5,1,1
C0368,J0138,0.0,0.8,0.0923,0.746,0.5,0,0
C0368,J0153,0.0,0.6,0.0923,0.746,1.0,0,0
C0368,J0024,0.0,0.8,0.0964,0.746,0.5,0,0
C0369,J0170,0.0,0.7,0.0843,0.652,1.0,0,0
C0369,J0142,0.0,0.4,0.088,0.652,0.5,0,0
C0369,J0044,0.25,0.4,0.3614,0.652,0.5,1,1
C0369,J0105,0.0,0.6,0.0923,0.652,1.0,0,0
C0370,J0026,0.0,0.9,0.109,0.666,0.5,0,0
C0370,J0043,0.0,1.0,0.1321,0.666,0.5,0,0
C0370,J0034,0.0,1.0,0.0762,0.666,0.5,0,0
C0370,J0091,0.0,1.0,0.0843,0.666,0.5,0,0
C0371,J0174,0.0,0.7,0.0923,0.584,1.0,0,0
C0371,J0129,0.0,0.5,0.1191,0.584,1.0,0,0
C0371,J0022,0.0,0.4,0.113,0.584,1.0,0,0
C0371,J0161,0.5,0.5,0.4112,0.584,1.0,1,1
C0372,J0084,0.0,0.9,0.0964,0.839,1.0,0,0
C0372,J0182,0.0,1.0,0.0855,0.839,0.5,0,0
C0372,J0008,0.0,1.0,0.0964,0.839,0.5,0,0
C0372,J0173,0.0,1.0,0.0964,0.839,0.5,0,0
C0373,J0054,0.1111,0.4,0.1339,0.442,0.5,0,0
C0373,J0134,0.0,0.4,0.078,0.442,0.0,0,0
C0373,J0122,0.2857,0.6,0.33,0.442,0.5,1,1
C0373,J0068,0.0,0.3,0.0855,0.442,0.0,0,0
C0374,J0035,0.0,0.7,0.0964,0.814,1.0,0,0
C0374,J0021,0.5,0.5,0.3391,0.814,0.5,1,1
C0374,J0121,0.1429,0.5,0.145,0.814,0.5,0,0
C0374,J0038,0.0,0.4,0.1066,0.814,0.5,0,0
C0375,J0007,0.0,0.6,0.0815,0.709,0.5,0,0
C0375,J0089,0.4286,0.3,0.3809,0.709,0.0,1,1
C0375,J0090,0.0,0.5,0.1016,0.709,0.5,0,0
C0375,J0041,0.0,0.6,0.1016,0.709,0.5,0,0
C0376,J0116,0.0,0.6,0.0855,0.58,0.5,0,0
C0376,J0145,0.0,0.4,0.0901,0.58,0.0,0,0
C0376,J0079,0.0,0.4,0.0855,0.58,0.5,0,0
C0376,J0038,0.0,0.4,0.0901,0.58,0.0,0,0
C0377,J0038,0.0,0.2,0.0973,0.785,0.5,0,0
C0377,J0029,0.1111,0.0,0.138,0.785,0.5,0,0
C0377,J0026,0.0,0.2,0.081,0.785,0.5,0,0
C0377,J0139,0.0,0.2,0.0973,0.785,0.5,0,0
C0378,J0155,0.0,1.0,0.0855,0.805,0.5,0,0
C0378,J0081,0.0,1.0,0.0855,0.805,0.0,0,0
C0378,J0134,0.0,1.0,0.078,0.805,0.0,0,0
C0378,J0133,0.0,0.8,0.0815,0.805,0.5,0,0
C0379,J0103,0.0,0.8,0.1016,0.721,0.5,0,0
C0379,J0105,0.0,0.6,0.0964,0.721,0.5,0,0
C0379,J0083,0.0,0.6,0.0919,0.721,1.0,0,0
C0379,J0058,0.0,0.4,0.088,0.721,1.0,0,0
C0380,J0120,0.0,0.6,0.1596,0.693,1.0,0,0
C0380,J0139,0.0,0.6,0.1066,0.693,1.0,0,0
C0380,J0091,0.0,0.8,0.1066,0.693,0.5,0,0
C0380,J0186,0.0,0.7,0.1066,0.693,0.5,0,0
C0381,J0022,0.1,1.0,0.1339,0.846,0.5,0,1
C0381,J0176,0.0,1.0,0.0901,0.846,0.5,0,0
C0381,J0191,0.0,1.0,0.0956,0.846,0.5,0,0
C0381,J0073,0.0833,1.0,0.1217,0.846,0.5,0,0
C0382,J0151,0.0,0.5,0.0964,0.617,1.0,0,0
C0382,J0003,0.1429,0.6,0.1596,0.617,0.5,0,0
C0382,J0111,0.0,0.6,0.1011,0.617,0.5,0,0
C0382,J0101,0.0,0.7,0.1066,0.617,0.0,0,0
C0383,J0176,0.0,0.8,0.0973,0.771,1.0,0,0
C0383,J0121,0.0,0.8,0.0843,0.771,0.0,0,0
C0383,J0071,0.2857,0.7,0.3614,0.771,1.0,1,1
C0383,J0060,0.0,0.7,0.0923,0.771,1.0,0,0
C0384,J0139,0.1429,0.7,0.2988,0.712,0.5,1,1
C0384,J0134,0.0,0.8,0.088,0.712,0.0,0,0
C0384,J0171,0.0,0.8,0.0964,0.712,1.0,0,0
C0384,J0165,0.0,0.7,0.088,0.712,1.0,0,0
C0385,J0036,0.375,0.9,0.3973,0.757,0.0,1,1
C0385,J0096,0.1,1.0,0.1391,0.757,0.0,0,0
C0385,J0122,0.1111,1.0,0.1471,0.757,0.0,0,1
C0385,J0163,0.0,1.0,0.0846,0.757,0.5,0,0
C0386,J0008,0.0,1.0,0.0846,0.771,0.5,0,0
C0386,J0178,0.0,0.7,0.0887,0.771,1.0,0,0
C0386,J0083,0.1111,0.7,0.1323,0.771,1.0,0,0
C0386,J0050,0.0,0.7,0.0935,0.771,1.0,0,0
C0387,J0192,0.0,0.7,0.0887,0.732,0.5,0,0
C0387,J0113,0.0,0.7,0.1066,0.732,0.5,0,0
C0387,J0029,0.0,0.3,0.0964,0.732,0.0,0,0
C0387,J0052,0.0,0.8,0.1011,0.732,0.5,0,0
C0388,J0089,0.0,0.3,0.0901,0.816,0.0,0,0
C0388,J0170,0.5714,0.6,0.4794,0.816,1.0,1,1
C0388,J0196,0.0,0.5,0.1587,0.816,0.5,0,0
C0388,J0052,0.0,0.8,0.0855,0.816,1.0,0,0
C0389,J0171,0.5,0.6,0.4898,0.884,0.5,1,1
C0389,J0064,0.0,0.6,0.1879,0.884,1.0,0,0
C0389,J0008,0.0,0.8,0.0846,0.884,0.5,0,0
C0389,J0147,0.0,0.6,0.0887,0.884,0.5,0,0
C0390,J0010,0.0,0.8,0.088,0.526,1.0,0,0
C0390,J0002,0.0,0.8,0.0923,0.526,0.5,0,0
C0390,J0196,0.4,0.6,0.4794,0.526,1.0,1,1
C0390,J0006,0.0,0.6,0.0843,0.526,1.0,0,0
C0391,J0147,0.125,0.3,0.145,0.707,0.5,0,0
C0391,J0012,0.0,0.3,0.0843,0.707,0.5,0,0
C0391,J0135,0.1111,0.4,0.138,0.707,1.0,0,0
C0391,J0013,0.0,0.2,0.1533,0.707,0.5,0,0
C0392,J0012,0.0,0.4,0.0973,0.592,0.0,0,0
C0392,J0126,0.0,0.3,0.1123,0.592,0.0,0,0
C0392,J0066,0.4,0.4,0.476,0.592,0.5,1,0
C0392,J0086,0.0,0.3,0.1016,0.592,0.5,0,0
C0393,J0132,0.1111,0.3,0.1323,0.815,0.0,0,0
C0393,J0074,0.0,0.4,0.0846,0.815,0.5,0,0
C0393,J0045,0.1429,0.4,0.1565,0.815,0.5,0,0
C0393,J0111,0.0,0.5,0.0887,0.815,0.5,0,0
C0394,J0160,0.0,0.5,0.0973,1.0,0.5,0,0
C0394,J0130,0.2857,0.4,0.3382,1.0,0.0,1,0
C0394,J0035,0.2857,0.6,0.3924,1.0,0.5,1,1
C0394,J0048,0.0,0.3,0.0923,1.0,0.5,0,0
C0395,J0175,0.125,0.9,0.3041,0.474,0.5,1,0
C0395,J0049,0.1429,0.9,0.1518,0.474,0.0,0,0
C0395,J0107,0.5,1.0,0.4503,0.474,0.5,1,1
C0395,J0132,0.125,0.9,0.1444,0.474,1.0,0,0
C0396,J0131,0.0,0.5,0.0923,0.916,0.5,0,0
C0396,J0091,0.1111,0.9,0.1366,0.916,0.0,0,1
C0396,J0151,0.5,0.8,0.4112,0.916,0.5,1,1
C0396,J0157,0.1111,0.8,0.1366,0.916,1.0,0,1
C0397,J0016,0.0,0.8,0.0964,0.648,0.0,0,0
C0397,J0161,0.0,0.8,0.0919,0.648,0.5,0,0
C0397,J0077,0.125,0.5,0.138,0.648,0.5,0,0
C0397,J0174,0.0,1.0,0.0787,0.648,0.5,0,0
C0398,J0168,0.5,0.5,0.4503,0.751,0.5,1,1
C0398,J0064,0.0,0.5,0.0919,0.751,1.0,0,0
C0398,J0162,0.3333,0.5,0.3564,0.751,0.5,1,1
C0398,J0119,0.4,0.4,0.3809,0.751,0.0,1,1
C0399,J0160,0.0,0.7,0.1191,0.559,1.0,0,0
C0399,J0181,0.0,0.6,0.1191,0.559,1.0,0,0
C0399,J0037,0.0,0.8,0.2543,0.559,1.0,1,0
C0399,J0195,0.0,0.3,0.1078,0.559,0.5,0,0
C0400,J0044,0.0,0.7,0.1066,0.776,1.0,0,0
C0400,J0197,0.0,1.0,0.0964,0.776,0.5,0,0
C0400,J0052,0.0,1.0,0.1011,0.776,0.5,0,0
C0400,J0002,0.3333,1.0,0.3779,0.776,0.5,1,1
C0401,J0172,0.0,0.4,0.0956,0.602,1.0,0,0
C0401,J0034,0.0,0.5,0.1078,0.602,1.0,0,0
C0401,J0117,0.0,0.3,0.1191,0.602,0.5,0,0
C0401,J0106,0.0,0.4,0.1078,0.602,1.0,0,0
C0402,J0090,0.2222,0.2,0.33,0.841,0.5,1,1
C0402,J0199,0.0,0.3,0.0815,0.841,0.0,0,0
C0402,J0101,0.2222,0.5,0.33,0.841,0.5,1,1
C0402,J0166,0.0833,0.4,0.1274,0.841,0.5,0,0
C0403,J0157,0.0,1.0,0.0901,0.791,0.0,0,0
C0403,J0115,0.0,1.0,0.0723,0.791,0.5,0,0
C0403,J0064,0.1,1.0,0.1274,0.791,0.5,0,0
C0403,J0101,0.0,1.0,0.0901,0.791,0.0,0,0
C0404,J0116,0.0,0.5,0.0923,0.557,0.5,0,0
C0404,J0135,0.125,0.5,0.138,0.557,0.5,0,0
C0404,J0057,0.125,0.4,0.138,0.557,0.5,0,0
C0404,J0080,0.0,0.1,0.0973,0.557,0.0,0,0
C0405,J0176,0.0,1.0,0.1016,0.689,0.0,0,0
C0405,J0078,0.0,1.0,0.0846,0.689,0.0,0,0
C0405,J0013,0.0,0.9,0.1016,0.689,0.0,0,0
C0405,J0177,0.125,0.7,0.1708,0.689,0.5,0,1
C0406,J0059,0.4,0.4,0.2379,0.696,0.5,0,1
C0406,J0108,0.8,0.5,0.5376,0.696,0.0,1,1
C0406,J0025,0.0,0.6,0.1066,0.696,1.0,0,0
C0406,J0186,0.0,0.5,0.1066,0.696,0.0,0,0
C0407,J0108,0.0,1.0,0.088,0.66,0.0,0,0
C0407,J0196,0.0,0.9,0.078,0.66,0.0,0,0
C0407,J0057,0.0,1.0,0.088,0.66,0.0,0,0
C0407,J0070,0.0,0.9,0.1032,0.66,0.5,0,0
C0408,J0100,0.0,1.0,0.1123,0.894,0.0,0,0
C0408,J0168,0.0,0.9,0.0935,0.894,0.0,0,0
C0408,J0024,0.0,1.0,0.1016,0.894,0.5,0,0
C0408,J0195,0.4,0.6,0.3809,0.894,0.5,1,1
C0409,J0134,0.0,0.6,0.1652,0.79,1.0,0,0
C0409,J0140,0.0,0.8,0.087,0.79,0.5,0,0
C0409,J0174,0.0,0.8,0.0674,0.79,1.0,0,0
C0409,J0001,0.0,0.6,0.1652,0.79,1.0,0,0
C0410,J0076,0.0,0.5,0.088,0.653,0.5,0,0
C0410,J0183,0.0,0.4,0.0923,0.653,0.5,0,0
C0410,J0128,0.3333,0.3,0.4794,0.653,0.5,1,0
C0410,J0159,0.0,0.5,0.088,0.653,0.5,0,0
C0411,J0168,0.0,0.3,0.075,0.727,0.0,0,0
C0411,J0070,0.125,0.2,0.2117,0.727,0.5,1,0
C0411,J0143,0.0,0.3,0.1339,0.727,0.5,0,0
C0411,J0062,0.4286,0.5,0.3797,0.727,1.0,1,1
C0412,J0030,0.0,0.1,0.0787,1.0,0.5,0,0
C0412,J0199,0.0,0.4,0.0787,1.0,0.5,0,0
C0412,J0129,0.0,0.4,0.087,1.0,0.5,0,0
C0412,J0044,0.0,0.1,0.087,1.0,0.5,0,0
C0413,J0022,0.0,0.8,0.0826,0.83,0.5,0,0
C0413,J0021,0.0,0.9,0.0923,0.83,0.5,0,0
C0413,J0051,0.0,0.9,0.0826,0.83,0.5,0,0
C0413,J0031,0.0,0.9,0.0826,0.83,0.5,0,0
C0414,J0006,0.0,0.5,0.081,0.609,1.0,0,0
C0414,J0131,0.0,0.3,0.0992,0.609,0.5,0,0
C0414,J0086,0.1667,0.5,0.3813,0.609,1.0,1,1
C0414,J0032,0.0,0.7,0.0887,0.609,1.0,0,0
C0415,J0045,0.1429,0.4,0.1708,0.934,1.0,0,0
C0415,J0088,0.0,0.5,0.088,0.934,1.0,0,0
C0415,J0026,0.0,0.3,0.0846,0.934,0.5,0,0
C0415,J0182,0.0,0.5,0.0815,0.934,1.0,0,0
C0416,J0148,0.0,0.7,0.1274,0.589,1.0,0,0
C0416,J0133,0.0,0.2,0.0815,0.589,0.5,0,0
C0416,J0005,0.0,0.2,0.0855,0.589,0.5,0,0
C0416,J0101,0.0,0.7,0.0901,0.589,0.5,0,0
C0417,J0031,0.4286,0.8,0.3797,1.0,0.5,1,1
C0417,J0088,0.0,0.9,0.078,1.0,0.5,0,0
C0417,J0037,0.1,1.0,0.1339,1.0,0.5,0,0
C0417,J0187,0.4286,0.7,0.4794,1.0,1.0,1,1
C0418,J0005,0.0,0.6,0.0923,0.768,1.0,0,0
C0418,J0183,0.0,0.9,0.0923,0.768,0.5,0,0
C0418,J0135,0.125,1.0,0.138,0.768,0.5,0,0
C0418,J0152,0.0,0.6,0.145,0.768,1.0,0,0
C0419,J0137,0.0,0.6,0.0923,0.478,1.0,0,0
C0419,J0116,0.0,0.8,0.1011,0.478,0.5,0,0
C0419,J0171,0.0,0.7,0.1011,0.478,1.0,0,0
C0419,J0031,0.0,0.7,0.1011,0.478,1.0,0,0
C0420,J0192,0.0,0.8,0.0992,0.555,0.5,0,0
C0420,J0113,0.0,0.8,0.1191,0.555,0.5,0,0
C0420,J0140,0.0,0.9,0.1191,0.555,0.0,0,0
C0420,J0043,0.25,0.8,0.1898,0.555,0.5,0,1
C0421,J0079,0.0,0.5,0.113,0.727,1.0,0,0
C0421,J0060,0.25,0.5,0.3391,0.727,1.0,1,1
C0421,J0181,0.0,0.6,0.1191,0.727,1.0,0,0
C0421,J0042,0.0,0.6,0.1191,0.727,1.0,0,0
C0422,J0126,0.0,0.5,0.0843,0.803,1.0,0,0
C0422,J0022,0.0,0.5,0.125,0.803,1.0,0,0
C0422,J0037,0.0,0.8,0.08,0.803,1.0,0,0
C0422,J0165,0.0,0.5,0.073,0.803,1.0,0,0
C0423,J0171,0.0,0.5,0.113,0.682,1.0,0,0
C0423,J0084,0.0,0.4,0.1078,0.682,0.5,0,0
C0423,J0008,0.5,0.7,0.4112,0.682,1.0,1,1
C0423,J0131,0.0,0.2,0.1264,0.682,0.5,0,0
C0424,J0032,0.0,0.9,0.0855,0.595,0.5,0,0
C0424,J0065,0.0,0.8,0.0815,0.595,0.5,0,0
C0424,J0031,0.0,0.8,0.0855,0.595,1.0,0,0
C0424,J0025,0.0,0.9,0.0901,0.595,0.5,0,0
C0425,J0191,0.0,0.9,0.1078,0.938,0.0,0,0
C0425,J0027,0.1429,0.6,0.2988,0.938,1.0,1,1
C0425,J0087,0.0,0.8,0.0919,0.938,0.5,0,0
C0425,J0008,0.0,1.0,0.0919,0.938,0.5,0,0
C0426,J0173,0.3333,0.8,0.3809,0.989,0.5,1,1
C0426,J0138,0.0,0.9,0.0973,0.989,0.5,0,0
C0426,J0066,0.0,0.7,0.087,0.989,1.0,0,0
C0426,J0047,0.1429,0.9,0.2988,0.989,1.0,1,1
C0427,J0137,0.0,0.5,0.0973,0.662,1.0,0,0
C0427,J0191,0.0,0.6,0.1191,0.662,1.0,0,0
C0427,J0120,0.0,0.5,0.1066,0.662,1.0,0,0
C0427,J0140,0.2,0.8,0.3361,0.662,0.5,1,1
C0428,J0106,0.0,0.8,0.0815,0.584,0.0,0,0
C0428,J0141,0.0,0.8,0.0815,0.584,0.0,0,0
C0428,J0132,0.4444,0.7,0.4294,0.584,0.5,1,1
C0428,J0033,0.0,1.0,0.0698,0.584,0.0,0,0
C0429,J0157,0.0,0.9,0.1274,1.0,0.5,0,0
C0429,J0070,0.25,0.8,0.3113,1.0,1.0,1,1
C0429,J0025,0.0,1.0,0.1274,1.0,0.5,0,0
C0429,J0077,0.0,0.6,0.1103,1.0,1.0,0,0
C0430,J0192,0.0,1.0,0.0846,0.696,0.5,0,0
C0430,J0173,0.25,1.0,0.3361,0.696,0.5,1,1
C0430,J0133,0.4286,0.7,0.4148,0.696,1.0,1,1
C0430,J0155,0.0,1.0,0.0964,0.696,0.5,0,0
C0431,J0121,0.1,0.5,0.1318,0.986,0.5,0,0
C0431,J0120,0.0,0.4,0.0923,0.986,0.5,0,0
C0431,J0100,0.0,0.7,0.0973,0.986,0.5,0,0
C0431,J0074,0.0,0.5,0.088,0.986,1.0,0,0
C0432,J0146,0.0,0.9,0.0964,0.687,0.0,0,0
C0432,J0103,0.0,1.0,0.1066,0.687,0.0,0,0
C0432,J0172,0.1667,0.9,0.3847,0.687,0.5,1,1
C0432,J0107,0.0,0.9,0.0887,0.687,0.0,0,0
C0433,J0041,0.0,0.5,0.0901,0.717,1.0,0,0
C0433,J0023,0.0,0.6,0.0855,0.717,1.0,0,0
C0433,J0115,0.8,0.5,0.582,0.717,1.0,1,1
C0433,J0187,0.0,0.4,0.078,0.717,0.5,0,0
C0434,J0086,0.0,0.7,0.0919,0.782,1.0,0,0
C0434,J0064,0.0,0.8,0.0919,0.782,1.0,0,0
C0434,J0088,0.0,0.9,0.088,0.782,0.5,0,0
C0434,J0022,0.0,0.7,0.0964,0.782,0.5,0,0
C0435,J0089,0.0,0.2,0.1191,0.718,0.5,0,0
C0435,J0051,0.0,0.5,0.1795,0.718,1.0,0,0
C0435,J0121,0.0,0.5,0.1632,0.718,1.0,0,0
C0435,J0100,0.0,0.7,0.1191,0.718,0.5,0,0
C0436,J0188,0.0,0.9,0.0815,0.838,0.5,0,0
C0436,J0111,0.0,0.9,0.0964,0.838,0.5,0,0
C0436,J0007,0.0,0.8,0.0815,0.838,1.0,0,0
C0436,J0103,0.0,0.9,0.1016,0.838,0.5,0,0
C0437,J0195,0.6,0.6,0.5191,0.563,0.5,1,1
C0437,J0048,0.0,0.8,0.0855,0.563,1.0,0,0
C0437,J0180,0.6,0.6,0.582,0.563,1.0,1,1
C0437,J0148,0.5,1.0,0.4368,0.563,0.0,1,1
C0438,J0031,0.0,0.6,0.1066,0.613,0.5,0,0
C0438,J0146,0.0,0.6,0.1016,0.613,1.0,0,0
C0438,J0164,0.0,0.5,0.1066,0.613,0.5,0,0
C0438,J0009,0.0,0.6,0.1016,0.613,0.5,0,0
C0439,J0006,0.0,0.2,0.1032,0.73,0.0,0,0
C0439,J0032,0.0,0.4,0.113,0.73,0.5,0,0
C0439,J0082,0.0,0.5,0.1191,0.73,1.0,0,0
C0439,J0110,0.0,0.3,0.113,0.73,0.5,0,0
C0440,J0039,0.0,1.0,0.0935,0.708,0.5,0,0
C0440,J0173,0.0,1.0,0.0846,0.708,0.5,0,0
C0440,J0128,0.6,1.0,0.5301,0.708,0.5,1,1
C0440,J0040,0.5,1.0,0.5039,0.708,0.5,1,1
C0441,J0124,0.0909,0.4,0.1229,0.695,0.0,0,0
C0441,J0040,0.0,0.7,0.0754,0.695,1.0,0,0
C0441,J0039,0.1111,0.8,0.1366,0.695,1.0,0,1
C0441,J0005,0.0,0.4,0.0826,0.695,0.5,0,0
C0442,J0106,0.375,0.9,0.3568,0.581,0.5,1,1
C0442,J0008,0.0,1.0,0.0815,0.581,0.5,0,0
C0442,J0108,0.375,0.9,0.3568,0.581,0.0,1,1
C0442,J0156,0.0,0.9,0.0956,0.581,0.5,0,0
C0443,J0155,0.0909,0.7,0.1339,0.608,1.0,0,1
C0443,J0020,0.2222,0.5,0.33,0.608,0.5,1,1
C0443,J0089,0.2,0.2,0.33,0.608,0.0,1,1
C0443,J0188,0.0,0.6,0.0723,0.608,0.0,0,0
C0444,J0162,0.0,0.8,0.113,0.772,1.0,0,0
C0444,J0097,0.0,0.9,0.0992,0.772,0.5,0,0
C0444,J0183,0.2,0.8,0.3391,0.772,1.0,1,1
C0444,J0148,0.0,1.0,0.1078,0.772,0.5,0,0
C0445,J0082,0.1429,1.0,0.1604,0.827,0.5,0,0
C0445,J0146,0.4286,0.8,0.4148,0.827,1.0,1,1
C0445,J0095,0.0,0.7,0.0919,0.827,1.0,0,0
C0445,J0122,0.1429,1.0,0.1604,0.827,0.5,0,1
C0446,J0104,0.0,0.6,0.0843,0.759,0.5,0,0
C0446,J0181,0.2857,0.7,0.3614,0.759,0.5,1,1
C0446,J0138,0.0,0.9,0.0843,0.759,0.5,0,0
C0446,J0032,0.125,0.8,0.145,0.759,0.5,0,1
C0447,J0076,0.1818,1.0,0.1844,0.756,0.0,0,0
C0447,J0037,0.4444,1.0,0.3973,0.756,0.0,1,1
C0447,J0007,0.0,0.9,0.075,0.756,0.5,0,0
C0447,J0055,0.0,1.0,0.0887,0.756,0.5,0,0
C0448,J0003,0.1667,1.0,0.1687,0.533,0.0,0,0
C0448,J0069,0.0,1.0,0.1066,0.533,0.0,0,0
C0448,J0006,0.0,1.0,0.2153,0.533,0.0,1,0
C0448,J0193,0.0,0.8,0.1066,0.533,1.0,0,0
C0449,J0163,0.0,0.6,0.0815,0.572,1.0,0,0
C0449,J0065,0.0833,0.4,0.1274,0.572,0.5,0,0
C0449,J0196,0.0,0.3,0.0723,0.572,0.5,0,0
C0449,J0087,0.0,0.3,0.0815,0.572,0.5,0,0
C0450,J0194,0.0909,0.5,0.1339,0.959,1.0,0,0
C0450,J0163,0.0,1.0,0.0815,0.959,0.5,0,0
C0450,J0017,0.0833,0.5,0.1274,0.959,1.0,0,0
C0450,J0002,0.3333,0.9,0.3797,0.959,0.5,1,1
C0451,J0019,0.2,1.0,0.3391,0.631,0.5,1,1
C0451,J0013,0.0,0.9,0.1191,0.631,1.0,0,0
C0451,J0179,0.0,1.0,0.1191,0.631,0.5,0,0
C0451,J0139,0.0,0.9,0.1191,0.631,0.5,0,0
C0452,J0190,0.0,0.6,0.0815,0.922,0.5,0,0
C0452,J0178,0.0,0.4,0.0855,0.922,0.0,0,0
C0452,J0181,0.0,0.5,0.0901,0.922,0.5,0,0
C0452,J0071,0.0,0.4,0.0901,0.922,0.5,0,0
C0453,J0044,0.0,0.1,0.1123,0.846,0.5,0,0
C0453,J0003,0.0,0.5,0.1066,0.846,0.5,0,0
C0453,J0110,0.25,0.4,0.4039,0.846,0.5,1,0
C0453,J0037,0.0,0.6,0.1066,0.846,0.5,0,0
C0454,J0033,0.4,0.9,0.4876,0.66,0.5,1,1
C0454,J0182,0.0,0.8,0.0815,0.66,0.5,0,0
C0454,J0199,0.0,0.7,0.0919,0.66,0.0,0,0
C0454,J0010,0.0,0.8,0.0919,0.66,0.5,0,0
C0455,J0180,0.6,0.7,0.582,0.759,1.0,1,1
C0455,J0056,0.3333,0.9,0.4368,0.759,0.5,1,1
C0455,J0088,0.0,1.0,0.078,0.759,0.5,0,0
C0455,J0189,0.4,0.7,0.4648,0.759,1.0,1,1
C0456,J0173,0.0,0.6,0.2413,0.784,1.0,1,0
C0456,J0063,0.0,0.7,0.113,0.784,0.5,0,0
C0456,J0096,0.2,0.6,0.1795,0.784,1.0,0,1
C0456,J0146,0.1667,0.5,0.3208,0.784,1.0,1,1
C0457,J0099,0.5,0.7,0.4176,0.647,1.0,1,1
C0457,J0020,0.0,0.6,0.0973,0.647,1.0,0,0
C0457,J0012,0.6667,0.6,0.5325,0.647,1.0,1,1
C0457,J0044,0.0,0.3,0.0973,0.647,0.5,0,0
C0458,J0171,0.0,0.8,0.1066,0.622,1.0,0,0
C0458,J0075,0.0,0.9,0.0901,0.622,0.5,0,0
C0458,J0028,0.0,0.5,0.1066,0.622,1.0,0,0
C0458,J0003,0.0,0.9,0.1066,0.622,1.0,0,0
C0459,J0108,0.1667,0.4,0.2413,0.786,0.5,1,0
C0459,J0002,0.2,0.5,0.1795,0.786,1.0,0,0
C0459,J0150,0.0,0.4,0.113,0.786,0.5,0,0
C0459,J0054,0.2,0.4,0.1795,0.786,0.5,0,0
C0460,J0111,0.0,0.5,0.1518,0.772,1.0,0,0
C0460,J0170,0.6,0.4,0.4745,0.772,1.0,1,1
C0460,J0160,0.0,0.5,0.1016,0.772,1.0,0,0
C0460,J0077,0.0,0.1,0.088,0.772,0.5,0,0
C0461,J0169,0.0,1.0,0.138,0.807,0.0,0,0
C0461,J0193,0.0,0.8,0.0923,0.807,1.0,0,0
C0461,J0064,0.0,1.0,0.088,0.807,0.5,0,0
C0461,J0078,0.0,1.0,0.1265,0.807,0.0,0,0
C0462,J0197,0.1,0.5,0.138,0.875,1.0,0,0
C0462,J0158,0.125,0.5,0.1533,0.875,1.0,0,1
C0462,J0162,0.1111,0.5,0.145,0.875,1.0,0,1
C0462,J0064,0.0,0.5,0.088,0.875,1.0,0,0
C0463,J0197,0.1429,0.6,0.1604,0.665,0.5,0,1
C0463,J0030,0.0,0.3,0.1016,0.665,0.0,0,0
C0463,J0149,0.0,0.5,0.1016,0.665,0.5,0,0
C0463,J0053,0.0,0.7,0.1123,0.665,0.5,0,0
C0464,J0099,0.0,0.4,0.0855,0.908,0.0,0,0
C0464,J0155,0.0,0.5,0.0855,0.908,0.5,0,0
C0464,J0130,0.0,0.3,0.0855,0.908,0.0,0,0
C0464,J0132,0.0,0.2,0.0815,0.908,0.5,0,0
C0465,J0148,0.0,0.7,0.088,0.704,0.5,0,0
C0465,J0010,0.0,0.6,0.088,0.704,1.0,0,0
C0465,J0079,0.0,0.4,0.0923,0.704,1.0,0,0
C0465,J0137,0.0,0.4,0.0843,0.704,1.0,0,0
C0466,J0088,0.0,0.8,0.0843,0.935,0.5,0,0
C0466,J0155,0.0,0.9,0.0923,0.935,0.5,0,0
C0466,J0108,0.1111,0.7,0.138,0.935,0.0,0,0
C0466,J0010,0.0,0.8,0.088,0.935,0.5,0,0
C0467,J0162,0.0,0.5,0.1339,0.579,1.0,0,0
C0467,J0012,0.0,0.5,0.078,0.579,0.5,0,0
C0467,J0047,0.0,0.7,0.0815,0.579,1.0,0,0
C0467,J0049,0.0,0.4,0.0855,0.579,0.0,0,0
C0468,J0079,0.1667,0.9,0.3382,0.63,0.5,1,1
C0468,J0191,0.0,1.0,0.1032,0.63,0.5,0,0
C0468,J0177,0.0,0.7,0.1032,0.63,0.5,0,0
C0468,J0159,0.3333,1.0,0.3924,0.63,0.5,1,1
C0469,J0121,0.1111,0.4,0.145,0.795,0.5,0,0
C0469,J0056,0.0,0.3,0.0964,0.795,0.5,0,0
C0469,J0186,0.3333,0.4,0.4039,0.795,0.5,1,1
C0469,J0074,0.0,0.4,0.0964,0.795,0.5,0,0
C0470,J0120,0.0,0.3,0.0887,0.808,0.5,0,0
C0470,J0138,0.0,0.6,0.1796,0.808,1.0,0,0
C0470,J0122,0.0,0.6,0.0935,0.808,0.5,0,0
C0470,J0175,0.0,0.3,0.0778,0.808,0.5,0,0
C0471,J0025,0.0,0.5,0.0935,0.904,1.0,0,0
C0471,J0072,0.0,0.5,0.0846,0.904,1.0,0,0
C0471,J0163,0.5,0.6,0.4603,0.904,1.0,1,1
C0471,J0133,0.0,0.1,0.0846,0.904,0.5,0,0
C0472,J0061,0.0,0.4,0.0887,0.865,0.5,0,0
C0472,J0030,0.0,0.1,0.0846,0.865,0.0,0,0
C0472,J0060,0.2,0.3,0.4043,0.865,0.0,1,0
C0472,J0088,0.0,0.5,0.081,0.865,1.0,0,0
C0473,J0200,0.0,0.5,0.0973,0.498,1.0,0,0
C0473,J0070,0.0,0.5,0.1032,0.498,1.0,0,0
C0473,J0198,0.0,0.7,0.0923,0.498,1.0,0,0
C0473,J0057,0.2222,0.6,0.3189,0.498,1.0,1,1
C0474,J0035,0.0,1.0,0.2129,0.825,0.5,1,0
C0474,J0199,0.0,0.9,0.1518,0.825,0.5,0,0
C0474,J0039,0.2,1.0,0.1687,0.825,0.5,0,1
C0474,J0038,0.0,0.8,0.1066,0.825,0.5,0,0
C0475,J0003,0.2857,0.4,0.3382,0.429,0.0,1,1
C0475,J0085,0.0,0.0,0.0973,0.429,0.5,0,0
C0475,J0163,0.0,0.5,0.088,0.429,1.0,0,0
C0475,J0113,0.125,0.4,0.1533,0.429,0.0,0,0
C0476,J0197,0.0,0.4,0.088,0.672,0.0,0,0
C0476,J0061,0.375,0.4,0.4176,0.672,0.0,1,1
C0476,J0169,0.0,0.4,0.088,0.672,0.0,0,0
C0476,J0069,0.0,0.4,0.0923,0.672,0.0,0,0
C0477,J0190,0.0,0.9,0.0964,0.737,0.5,0,0
C0477,J0115,0.0,0.8,0.0855,0.737,0.5,0,0
C0477,J0125,0.125,0.8,0.1687,0.737,1.0,0,1
C0477,J0083,0.4286,0.7,0.4414,0.737,1.0,1,1
C0478,J0045,0.25,0.4,0.2169,0.942,0.0,0,0
C0478,J0077,0.0,0.1,0.1103,0.942,0.0,0,0
C0478,J0174,0.0,0.6,0.0987,0.942,1.0,0,0
C0478,J0082,0.25,0.6,0.3922,0.942,0.5,1,1
C0479,J0154,0.0,0.8,0.0973,0.759,0.5,0,0
C0479,J0160,0.0,0.9,0.1533,0.759,0.0,1,0
C0479,J0035,0.0,1.0,0.088,0.759,0.0,0,0
C0479,J0007,0.0,0.8,0.078,0.759,0.5,0,0
C0480,J0147,0.0,0.5,0.1011,0.792,1.0,0,0
C0480,J0096,0.0,0.6,0.1011,0.792,1.0,0,0
C0480,J0080,0.0,0.2,0.2379,0.792,0.5,1,0
C0480,J0151,0.3333,0.5,0.3564,0.792,1.0,1,1
C0481,J0172,0.0,0.7,0.0956,0.705,0.5,0,0
C0481,J0150,0.0,0.7,0.113,0.705,0.0,0,0
C0481,J0122,0.0,0.9,0.1191,0.705,0.5,0,0
C0481,J0117,0.0,0.6,0.1191,0.705,0.5,0,0
C0482,J0197,0.0833,0.7,0.1323,0.806,1.0,0,0
C0482,J0005,0.0,0.4,0.0887,0.806,0.5,0,0
C0482,J0087,0.0,0.6,0.0846,0.806,1.0,0,0
C0482,J0163,0.0,0.9,0.0846,0.806,0.5,0,0
C0483,J0013,0.0,0.3,0.1016,0.547,0.5,0,0
C0483,J0080,0.0,0.1,0.1016,0.547,0.5,0,0
C0483,J0003,0.1667,0.5,0.2807,0.547,0.5,1,1
C0483,J0163,0.0,0.6,0.0919,0.547,1.0,0,0
C0484,J0135,0.0,1.0,0.0762,0.776,0.5,0,0
C0484,J0088,0.5714,1.0,0.5201,0.776,0.5,1,1
C0484,J0055,0.0,1.0,0.08,0.776,0.5,0,0
C0484,J0158,0.0,0.9,0.1321,0.776,0.5,0,0
C0485,J0155,0.125,0.9,0.145,0.593,0.5,0,0
C0485,J0136,0.0,0.8,0.0973,0.593,0.5,0,0
C0485,J0080,0.3333,0.4,0.3614,0.593,0.0,1,1
C0485,J0019,0.0,0.7,0.0923,0.593,0.0,0,0
C0486,J0147,0.1111,1.0,0.1518,0.599,0.5,0,0
C0486,J0120,0.0,1.0,0.0964,0.599,1.0,0,0
C0486,J0046,0.0,1.0,0.0919,0.599,0.5,0,0
C0486,J0101,0.0,1.0,0.1016,0.599,0.5,0,0
C0487,J0060,0.0,0.6,0.0964,0.858,1.0,0,0
C0487,J0059,0.1429,0.6,0.1604,0.858,1.0,0,1
C0487,J0110,0.0,0.7,0.0964,0.858,0.5,0,0
C0487,J0170,0.0,0.7,0.088,0.858,0.5,0,0
C0488,J0115,0.0,0.6,0.2129,0.602,1.0,0,0
C0488,J0196,0.0,0.5,0.2129,0.602,1.0,0,0
C0488,J0005,0.0,0.3,0.113,0.602,0.5,0,0
C0488,J0114,0.0,0.6,0.1898,0.602,1.0,0,0
C0489,J0007,0.0,0.9,0.0901,0.971,0.5,0,0
C0489,J0103,0.0,1.0,0.1123,0.971,0.5,0,0
C0489,J0114,0.0,0.9,0.1123,0.971,0.5,0,0
C0489,J0146,0.0,0.9,0.1016,0.971,0.5,0,0
C0490,J0080,0.0,0.7,0.0973,0.761,1.0,0,0
C0490,J0103,0.0,1.0,0.0973,0.761,0.5,0,0
C0490,J0069,0.0,1.0,0.145,0.761,0.0,0,0
C0490,J0105,0.0,0.9,0.0923,0.761,0.5,0,0
C0491,J0031,0.0,0.8,0.0887,0.817,1.0,0,0
C0491,J0180,0.3333,0.5,0.4536,0.817,1.0,1,1
C0491,J0158,0.0,0.8,0.0935,0.817,0.5,0,0
C0491,J0089,0.0,0.5,0.0935,0.817,1.0,0,0
C0492,J0018,0.0,0.3,0.0923,0.808,0.5,0,0
C0492,J0022,0.0,0.5,0.0923,0.808,1.0,0,0
C0492,J0103,0.0,0.7,0.0973,0.808,1.0,0,0
C0492,J0077,0.0,0.3,0.0843,0.808,0.5,0,0
C0493,J0098,0.0,0.6,0.0956,0.659,1.0,0,0
C0493,J0022,0.125,0.5,0.1339,0.659,1.0,0,1
C0493,J0196,0.0,0.5,0.1587,0.659,1.0,0,0
C0493,J0085,0.0,0.3,0.0901,0.659,0.5,0,0
C0494,J0180,0.0,0.1,0.078,0.784,0.5,0,0
C0494,J0198,0.0,0.5,0.0923,0.784,1.0,0,0
C0494,J0167,0.0,0.4,0.1032,0.784,0.5,0,0
C0494,J0082,0.0,0.6,0.0973,0.784,1.0,0,0
C0495,J0169,0.0,0.8,0.1016,0.571,0.5,0,0
C0495,J0015,0.1667,0.9,0.1687,0.571,0.5,0,0
C0495,J0100,0.1667,1.0,0.3361,0.571,0.0,1,0
C0495,J0132,0.1429,0.7,0.1604,0.571,0.5,0,0
C0496,J0089,0.0,0.1,0.0935,1.0,0.0,0,0
C0496,J0102,0.0,0.3,0.0846,1.0,0.0,0,0
C0496,J0148,0.0,0.6,0.1323,1.0,1.0,0,0
C0496,J0085,0.0,0.1,0.0935,1.0,0.5,0,0
C0497,J0020,0.0,0.6,0.0901,0.481,0.5,0,0
C0497,J0089,0.0,0.3,0.0901,0.481,0.5,0,0
C0497,J0154,0.0,0.6,0.0901,0.481,0.5,0,0
C0497,J0195,0.2857,0.3,0.3628,0.481,0.5,1,0
C0498,J0145,0.0,1.0,0.1191,0.3,0.5,0,0
C0498,J0186,0.0,1.0,0.1191,0.3,0.5,0,0
C0498,J0021,0.0,1.0,0.202,0.3,0.5,1,0
C0498,J0138,0.4,1.0,0.3902,0.3,0.5,1,1
C0499,J0113,0.1111,0.9,0.1471,0.893,0.0,0,0
C0499,J0014,0.0,0.5,0.0887,0.893,1.0,0,0
C0499,J0117,0.2857,0.7,0.3446,0.893,0.5,1,1
C0499,J0110,0.125,0.8,0.2552,0.893,0.5,1,1
C0500,J0100,0.0,0.7,0.0973,0.832,0.5,0,0
C0500,J0074,0.0,0.5,0.088,0.832,0.0,0,0
C0500,J0064,0.0,0.5,0.1971,0.832,0.5,0,0
C0500,J0103,0.0,0.6,0.0973,0.832,0.5,0,0
C0501,J0083,0.2222,0.8,0.1926,0.724,1.0,0,1
C0501,J0127,0.0,0.9,0.1032,0.724,0.5,0,0
C0501,J0060,0.0,0.8,0.0923,0.724,0.5,0,0
C0501,J0114,0.0,0.9,0.0973,0.724,0.5,0,0
C0502,J0187,0.0,0.6,0.088,0.555,1.0,0,0
C0502,J0082,0.0,0.9,0.1016,0.555,0.0,0,0
C0502,J0170,0.0,0.7,0.088,0.555,0.5,0,0
C0502,J0148,0.4,0.9,0.4288,0.555,0.0,1,1
C0503,J0076,0.0,0.8,0.0787,0.9,0.5,0,0
C0503,J0086,0.0,0.6,0.0787,0.9,1.0,0,0
C0503,J0182,0.4286,0.8,0.4798,0.9,1.0,1,1
C0503,J0195,0.0,0.4,0.0787,0.9,0.5,0,0
C0504,J0200,0.0,0.7,0.1191,0.802,1.0,0,0
C0504,J0103,0.0,0.9,0.2697,0.802,0.5,1,1
C0504,J0188,0.0,0.9,0.0956,0.802,0.5,0,0
C0504,J0064,0.0,0.8,0.1078,0.802,1.0,0,0
C0505,J0090,0.0,0.6,0.1016,0.868,1.0,0,0
C0505,J0176,0.0,0.7,0.1604,0.868,1.0,0,0
C0505,J0143,0.4,0.7,0.4414,0.868,1.0,1,1
C0505,J0189,0.4,0.4,0.4414,0.868,0.5,1,1
C0506,J0049,0.1667,0.6,0.1596,0.629,0.5,0,1
C0506,J0071,0.0,0.6,0.1066,0.629,1.0,0,0
C0506,J0038,0.0,0.6,0.1066,0.629,0.5,0,0
C0506,J0022,0.2,0.6,0.1596,0.629,1.0,0,1
C0507,J0040,0.0,0.8,0.088,0.852,1.0,0,0
C0507,J0058,0.1,0.5,0.138,0.852,1.0,0,0
C0507,J0160,0.0,0.9,0.1016,0.852,0.5,0,0
C0507,J0108,0.1,0.8,0.1444,0.852,0.5,0,0
C0508,J0176,0.0,0.5,0.1123,0.71,1.0,0,0
C0508,J0123,0.0,0.5,0.1123,0.71,0.5,0,0
C0508,J0154,0.0,0.5,0.1123,0.71,1.0,0,0
C0508,J0155,0.0,0.7,0.1066,0.71,1.0,0,0
C0509,J0164,0.2857,0.5,0.3382,0.685,1.0,1,1
C0509,J0036,0.125,0.6,0.145,0.685,0.5,0,1
C0509,J0166,0.1111,0.7,0.138,0.685,1.0,0,0
C0509,J0167,0.0,0.6,0.1032,0.685,1.0,0,0
C0510,J0090,0.0,0.8,0.1123,0.512,1.0,0,0
C0510,J0127,0.2,0.9,0.2697,0.512,0.5,1,1
C0510,J0070,0.0,0.8,0.1191,0.512,1.0,0,0
C0510,J0136,0.0,1.0,0.1123,0.512,0.5,0,0
C0511,J0076,0.0,0.6,0.0964,0.661,0.5,0,0
C0511,J0116,0.0,0.6,0.1011,0.661,0.5,0,0
C0511,J0009,0.0,0.5,0.0964,0.661,0.0,0,0
C0511,J0006,0.0,0.4,0.0923,0.661,0.0,0,0
C0512,J0155,0.0,1.0,0.1687,0.561,0.5,0,0
C0512,J0168,0.0,0.9,0.0935,0.561,0.0,0,0
C0512,J0073,0.0,0.9,0.0973,0.561,0.0,0,0
C0512,J0033,0.4,1.0,0.476,0.561,0.5,1,1
C0513,J0044,0.0,0.2,0.0901,0.742,0.5,0,0
C0513,J0111,0.0,0.6,0.0855,0.742,1.0,0,0
C0513,J0105,0.0,0.4,0.0855,0.742,0.5,0,0
C0513,J0132,0.0,0.4,0.0815,0.742,0.5,0,0
C0514,J0056,0.0,0.8,0.0919,0.655,1.0,0,0
C0514,J0072,0.0,1.0,0.0919,0.655,0.5,0,0
C0514,J0116,0.0,1.0,0.0964,0.655,0.0,0,0
C0514,J0073,0.3333,0.9,0.3924,0.655,0.0,1,1
C0515,J0030,0.0,0.3,0.0815,0.974,0.5,0,0
C0515,J0004,0.1,0.8,0.1274,0.974,1.0,0,0
C0515,J0006,0.25,0.5,0.405,0.974,0.5,1,1
C0515,J0084,0.0,0.5,0.0815,0.974,0.5,0,0
C0516,J0021,0.0,0.3,0.1191,0.713,0.5,0,0
C0516,J0032,0.0,0.4,0.1066,0.713,0.5,0,0
C0516,J0031,0.0,0.3,0.1066,0.713,0.5,0,0
C0516,J0153,0.0,0.3,0.0973,0.713,0.5,0,0
C0517,J0146,0.4444,0.6,0.4294,0.65,1.0,1,1
C0517,J0145,0.0,0.5,0.0901,0.65,0.5,0,0
C0517,J0095,0.0,0.5,0.0815,0.65,1.0,0,0
C0517,J0010,0.3,0.7,0.3568,0.65,1.0,1,1
C0518,J0112,0.2,0.5,0.2883,0.611,0.5,1,1
C0518,J0020,0.2,0.6,0.1898,0.611,0.5,0,0
C0518,J0175,0.0,0.5,0.0992,0.611,1.0,0,0
C0518,J0111,0.0,0.7,0.113,0.611,0.5,0,0
C0519,J0192,0.0,0.6,0.081,0.654,0.5,0,0
C0519,J0098,0.0,0.5,0.1632,0.654,0.0,1,0
C0519,J0009,0.0,0.5,0.088,0.654,0.0,0,0
C0519,J0046,0.3333,0.6,0.403,0.654,0.5,1,1
C0520,J0107,0.0,0.8,0.0778,0.742,0.5,0,0
C0520,J0083,0.0909,0.7,0.1323,0.742,1.0,0,0
C0520,J0175,0.0,0.7,0.0778,0.742,1.0,0,0
C0520,J0145,0.0,0.7,0.0935,0.742,0.5,0,0
C0521,J0141,0.0,1.0,0.088,0.677,0.0,0,0
C0521,J0130,0.0,1.0,0.0923,0.677,0.0,0,0
C0521,J0023,0.0,1.0,0.0923,0.677,0.0,0,0
C0521,J0176,0.0,1.0,0.219,0.677,0.0,0,0
C0522,J0097,0.0,0.8,0.0935,0.594,1.0,0,0
C0522,J0169,0.0,0.7,0.1604,0.594,0.5,0,0
C0522,J0017,0.0,0.4,0.1016,0.594,0.5,0,0
C0522,J0157,0.0,0.7,0.1123,0.594,0.5,0,0
C0523,J0172,0.0,0.8,0.075,0.597,0.5,0,0
C0523,J0054,0.2222,0.8,0.3225,0.597,0.5,1,1
C0523,J0013,0.0,0.7,0.0935,0.597,1.0,0,0
C0523,J0161,0.0,0.8,0.0846,0.597,1.0,0,0
C0524,J0009,0.0,0.7,0.1078,0.758,0.5,0,0
C0524,J0133,0.1667,0.4,0.3208,0.758,0.5,1,0
C0524,J0157,0.25,0.7,0.3609,0.758,1.0,1,1
C0524,J0116,0.0,0.8,0.113,0.758,0.0,0,0
C0525,J0095,0.0,0.2,0.0815,0.71,0.5,0,0
C0525,J0076,0.1,0.4,0.1274,0.71,0.0,0,0
C0525,J0011,0.0,0.4,0.1587,0.71,0.5,0,0
C0525,J0111,0.0,0.4,0.1339,0.71,0.0,0,0
C0526,J0185,0.0,0.3,0.0923,0.9,0.5,0,0
C0526,J0067,0.2,0.3,0.1795,0.9,0.5,0,0
C0526,J0151,0.0,0.3,0.0964,0.9,0.5,0,0
C0526,J0006,0.0,0.2,0.0923,0.9,0.5,0,0
C0527,J0059,0.0,0.7,0.0901,1.0,1.0,0,0
C0527,J0122,0.0,1.0,0.0901,1.0,0.5,0,0
C0527,J0016,0.4,0.8,0.4648,1.0,0.5,1,1
C0527,J0141,0.125,0.8,0.2316,1.0,0.5,1,1
C0528,J0100,0.0,1.0,0.1066,0.69,0.5,0,0
C0528,J0193,0.0,0.6,0.1011,0.69,1.0,0,0
C0528,J0081,0.0,0.9,0.1011,0.69,0.5,0,0
C0528,J0185,0.0,0.9,0.0923,0.69,0.5,0,0
C0529,J0014,0.0,0.7,0.0855,0.585,1.0,0,0
C0529,J0099,0.0,1.0,0.0855,0.585,0.0,0,0
C0529,J0025,0.1,1.0,0.2606,0.585,0.5,1,1
C0529,J0145,0.0,0.9,0.0901,0.585,0.0,0,0
C0530,J0072,0.0,1.0,0.1323,0.492,0.0,0,0
C0530,J0171,0.0,1.0,0.1391,0.492,0.0,0,0
C0530,J0156,0.0,1.0,0.0992,0.492,0.0,0,0
C0530,J0090,0.0,1.0,0.0935,0.492,0.0,0,0
C0531,J0100,0.0,0.6,0.0935,0.839,0.5,0,0
C0531,J0141,0.5714,0.4,0.4503,0.839,0.0,1,1
C0531,J0007,0.0,0.4,0.075,0.839,0.0,0,0
C0531,J0003,0.0,0.5,0.0887,0.839,0.5,0,1
C0532,J0088,0.0,1.0,0.1032,0.838,0.5,0,0
C0532,J0056,0.0,0.8,0.1078,0.838,0.5,0,0
C0532,J0050,0.2,0.8,0.3609,0.838,0.5,1,1
C0532,J0156,0.0,0.9,0.1264,0.838,0.5,0,0
C0533,J0177,0.0,0.0,0.0923,0.812,0.5,0,0
C0533,J0169,0.0,0.3,0.1229,0.812,0.5,0,0
C0533,J0140,0.0,0.5,0.087,0.812,1.0,0,0
C0533,J0157,0.0,0.3,0.087,0.812,0.5,0,0
C0534,J0083,0.2222,0.4,0.1844,0.744,1.0,0,0
C0534,J0034,0.1,0.6,0.1323,0.744,1.0,0,1
C0534,J0019,0.0,0.5,0.0887,0.744,0.5,0,0
C0534,J0178,0.0,0.4,0.1391,0.744,0.5,0,0
C0535,J0029,0.3,0.2,0.3568,0.586,0.5,1,0
C0535,J0012,0.0,0.5,0.078,0.586,0.0,0,0
C0535,J0108,0.0833,0.5,0.1274,0.586,0.0,0,0
C0535,J0035,0.0,0.7,0.0815,0.586,0.5,0,0
C0536,J0140,0.0,1.0,0.1016,0.788,0.5,0,0
C0536,J0125,0.0,1.0,0.1016,0.788,0.5,0,0
C0536,J0017,0.0,0.7,0.0919,0.788,1.0,0,0
C0536,J0163,0.0,1.0,0.0919,0.788,0.5,0,0
C0537,J0140,0.0,1.0,0.1066,0.837,0.0,0,0
C0537,J0012,0.0,0.9,0.0923,0.837,0.0,0,0
C0537,J0121,0.3333,0.9,0.3382,0.837,0.0,1,1
C0537,J0162,0.1667,0.9,0.2967,0.837,1.0,1,1
C0538,J0128,0.1667,0.6,0.405,0.699,1.0,1,1
C0538,J0058,0.0,0.4,0.0843,0.699,0.5,0,0
C0538,J0085,0.0,0.4,0.0973,0.699,0.5,0,0
C0538,J0065,0.0,0.7,0.088,0.699,1.0,0,0
C0539,J0140,0.0,0.8,0.1123,0.559,0.0,0,0
C0539,J0107,0.0,0.6,0.0935,0.559,1.0,0,0
C0539,J0186,0.0,0.6,0.1123,0.559,0.5,0,0
C0539,J0166,0.0,0.7,0.1016,0.559,1.0,0,0
C0540,J0062,0.1111,1.0,0.145,0.824,0.5,0,1
C0540,J0107,0.1,0.8,0.1265,0.824,0.5,0,0
C0540,J0141,0.0,0.8,0.088,0.824,0.5,0,0
C0540,J0197,0.1,0.8,0.138,0.824,1.0,0,0
C0541,J0024,0.0,0.7,0.0846,0.739,1.0,0,0
C0541,J0020,0.0,0.5,0.0935,0.739,1.0,0,0
C0541,J0013,0.0,0.4,0.0935,0.739,0.5,0,0
C0541,J0018,0.0,0.2,0.0887,0.739,0.5,0,0
C0542,J0044,0.4,0.2,0.4039,0.533,0.5,1,1
C0542,J0034,0.125,0.6,0.1518,0.533,0.5,0,0
C0542,J0172,0.0,0.5,0.0855,0.533,0.5,0,0
C0542,J0118,0.0,0.6,0.1066,0.533,0.5,0,0
C0543,J0168,0.0,1.0,0.1323,0.835,0.5,0,0
C0543,J0038,0.3333,0.9,0.3809,0.835,0.5,1,1
C0543,J0009,0.0,1.0,0.1444,0.835,0.5,0,0
C0543,J0097,0.0,1.0,0.0846,0.835,0.5,0,0
C0544,J0100,0.0,0.9,0.1191,0.665,0.0,0,0
C0544,J0058,0.0,0.4,0.1032,0.665,0.5,0,0
C0544,J0074,0.0,0.7,0.1078,0.665,0.0,0,0
C0544,J0145,0.0,0.6,0.1191,0.665,0.5,0,0
C0545,J0042,0.0,0.5,0.1123,0.692,1.0,0,0
C0545,J0154,0.2,0.5,0.3361,0.692,1.0,1,1
C0545,J0099,0.0,0.6,0.1066,0.692,0.5,0,0
C0545,J0106,0.0,0.5,0.1016,0.692,1.0,0,0
C0546,J0185,0.0,0.3,0.1533,0.777,0.0,0,0
C0546,J0015,0.2,0.4,0.1687,0.777,0.5,0,0
C0546,J0132,0.1667,0.2,0.1604,0.777,0.5,0,0
C0546,J0097,0.0,0.4,0.0935,0.777,0.5,0,0
C0547,J0017,0.0,0.1,0.1016,0.483,0.5,0,0
C0547,J0012,0.0,0.4,0.0973,0.483,1.0,0,0
C0547,J0018,0.1429,0.1,0.3158,0.483,0.5,1,0
C0547,J0096,0.1667,0.5,0.3158,0.483,1.0,1,1
C0548,J0037,0.0909,0.8,0.1391,0.949,1.0,0,0
C0548,J0179,0.2222,0.7,0.2061,0.949,0.5,0,1
C0548,J0006,0.0,0.5,0.081,0.949,0.5,0,0
C0548,J0029,0.3333,0.3,0.3734,0.949,0.5,1,1
C0549,J0061,0.0,0.6,0.0855,0.576,0.5,0,0
C0549,J0194,0.0,0.3,0.0855,0.576,0.0,0,0
C0549,J0046,0.4286,0.7,0.4368,0.576,1.0,1,1
C0549,J0027,0.0,0.3,0.0901,0.576,0.5,0,0
C0550,J0161,0.0,0.4,0.1152,0.556,1.0,0,0
C0550,J0144,0.0,0.3,0.1274,0.556,0.5,0,0
C0550,J0110,0.0,0.4,0.1208,0.556,1.0,0,0
C0550,J0025,0.0,0.5,0.1274,0.556,1.0,0,0
C0551,J0188,0.0,1.0,0.0815,0.53,0.5,0,0
C0551,J0062,0.1111,1.0,0.1518,0.53,0.5,0,0
C0551,J0141,0.0,0.9,0.0919,0.53,0.5,0,0
C0551,J0143,0.0,0.9,0.0964,0.53,0.5,0,0
C0552,J0049,0.25,0.5,0.1868,0.517,0.5,0,1
C0552,J0042,0.0,0.6,0.0901,0.517,1.0,0,0
C0552,J0026,0.375,0.5,0.4536,0.517,1.0,1,1
C0552,J0146,0.2222,0.6,0.1772,0.517,1.0,0,0
C0553,J0127,0.25,1.0,0.2883,0.831,0.5,1,1
C0553,J0190,0.0,1.0,0.1078,0.831,0.5,0,0
C0553,J0007,0.0,1.0,0.0956,0.831,0.5,0,0
C0553,J0071,0.0,0.9,0.1191,0.831,0.5,0,0
C0554,J0163,0.0,0.9,0.0815,0.676,0.5,0,0
C0554,J0142,0.0,0.4,0.0815,0.676,0.5,0,0
C0554,J0035,0.0,0.9,0.0815,0.676,1.0,0,0
C0554,J0188,0.0,0.8,0.1587,0.676,0.5,0,0
C0555,J0121,0.0,0.6,0.1136,0.748,0.5,0,0
C0555,J0041,0.0,0.6,0.0843,0.748,1.0,0,0
C0555,J0137,0.5714,0.5,0.5201,0.748,0.5,1,1
C0555,J0191,0.2857,0.6,0.2598,0.748,0.5,1,1
C0556,J0028,0.0,0.8,0.145,0.787,1.0,0,0
C0556,J0023,0.0,1.0,0.0923,0.787,0.5,0,0
C0556,J0036,0.0,1.0,0.0923,0.787,0.5,0,0
C0556,J0183,0.0,1.0,0.0923,0.787,0.5,0,0
C0557,J0166,0.1111,0.5,0.138,0.657,1.0,0,0
C0557,J0057,0.1111,0.4,0.138,0.657,0.0,0,0
C0557,J0118,0.0,0.5,0.1533,0.657,0.5,0,0
C0557,J0050,0.0,0.3,0.0973,0.657,0.0,0,0
C0558,J0058,0.0,0.4,0.0973,0.691,1.0,0,0
C0558,J0191,0.0,0.7,0.1191,0.691,1.0,0,0
C0558,J0004,0.0,0.9,0.1016,0.691,0.5,0,0
C0558,J0103,0.0,0.8,0.1123,0.691,0.5,0,0
C0559,J0118,0.2,0.5,0.3679,0.791,1.0,1,1
C0559,J0129,0.0,0.4,0.0973,0.791,1.0,0,0
C0559,J0061,0.0,0.4,0.0923,0.791,1.0,0,0
C0559,J0062,0.0,0.6,0.2072,0.791,1.0,0,0
C0560,J0145,0.0,0.8,0.0973,0.801,0.0,0,0
C0560,J0013,0.0,0.8,0.0973,0.801,1.0,0,0
C0560,J0055,0.0,1.0,0.0923,0.801,0.5,0,0
C0560,J0139,0.0,0.8,0.0973,0.801,0.5,0,0
C0561,J0025,0.0,0.6,0.0935,0.789,1.0,0,0
C0561,J0034,0.1111,0.6,0.1323,0.789,1.0,0,0
C0561,J0078,0.4286,0.7,0.4768,0.789,1.0,1,1
C0561,J0150,0.2857,0.5,0.3225,0.789,1.0,1,1
C0562,J0076,0.0,0.6,0.0919,0.752,0.5,0,0
C0562,J0182,0.2857,0.6,0.3628,0.752,1.0,1,1
C0562,J0060,0.0,0.4,0.0964,0.752,0.5,0,0
C0562,J0126,0.0,0.4,0.1016,0.752,0.0,0,0
C0563,J0048,0.0,0.7,0.0887,0.435,0.5,0,0
C0563,J0085,0.0,0.5,0.0935,0.435,1.0,0,0
C0563,J0088,0.0,0.9,0.081,0.435,0.5,0,0
C0563,J0110,0.0,0.8,0.0887,0.435,0.5,0,0
C0564,J0192,0.0,0.6,0.1796,0.741,0.5,0,0
C0564,J0183,0.0,0.5,0.0923,0.741,0.5,0,0
C0564,J0128,0.0,0.4,0.172,0.741,0.5,0,0
C0564,J0150,0.125,0.5,0.145,0.741,0.5,0,0
C0565,J0196,0.6667,0.6,0.5538,0.761,0.5,1,1
C0565,J0075,0.6667,0.8,0.5538,0.761,0.0,1,1
C0565,J0123,0.0,0.7,0.1921,0.761,0.5,0,0
C0565,J0200,0.0,0.6,0.087,0.761,0.5,0,0
C0566,J0121,0.0,0.6,0.1032,0.802,1.0,0,0
C0566,J0122,0.0,0.8,0.1191,0.802,1.0,0,0
C0566,J0034,0.0,0.7,0.1078,0.802,1.0,0,0
C0566,J0184,0.0,0.8,0.1191,0.802,0.5,0,0
C0567,J0014,0.0,0.7,0.0855,0.581,1.0,0,0
C0567,J0093,0.0,0.7,0.0901,0.581,1.0,0,0
C0567,J0178,0.0,0.9,0.0855,0.581,0.5,0,0
C0567,J0182,0.0,1.0,0.0723,0.581,0.5,0,0
C0568,J0101,0.0,0.8,0.1191,0.527,0.0,0,0
C0568,J0189,0.0,0.3,0.113,0.527,0.5,0,0
C0568,J0178,0.0,0.5,0.113,0.527,0.0,0,0
C0568,J0200,0.0,0.5,0.1191,0.527,0.0,0,0
C0569,J0033,0.0,0.5,0.0787,1.0,0.5,0,0
C0569,J0051,0.0,0.3,0.0964,1.0,0.0,0,0
C0569,J0118,0.0,0.4,0.1016,1.0,0.5,0,0
C0569,J0140,0.0,0.5,0.1016,1.0,0.5,0,0
C0570,J0032,0.0,0.6,0.113,0.683,1.0,0,0
C0570,J0099,0.0,0.6,0.113,0.683,0.5,0,0
C0570,J0027,0.0,0.2,0.1191,0.683,0.5,0,0
C0570,J0022,0.0,0.4,0.113,0.683,0.0,0,0
C0571,J0091,0.0,0.4,0.0901,0.788,0.0,0,0
C0571,J0009,0.0,0.3,0.0815,0.788,0.0,0,0
C0571,J0088,0.0,0.4,0.078,0.788,0.5,0,0
C0571,J0051,0.0,0.3,0.0855,0.788,0.5,0,0
C0572,J0167,0.0,0.5,0.1632,0.942,1.0,0,0
C0572,J0200,0.1667,0.4,0.2842,0.942,0.5,1,0
C0572,J0018,0.0,0.2,0.0923,0.942,0.5,0,0
C0572,J0036,0.0,0.5,0.0923,0.942,1.0,0,0
C0573,J0098,0.0,0.5,0.1565,0.67,0.5,0,0
C0573,J0179,0.1111,0.6,0.1471,0.67,0.5,0,0
C0573,J0030,0.0,0.2,0.0846,0.67,0.0,0,0
C0573,J0013,0.0,0.4,0.1471,0.67,0.0,0,0
C0574,J0059,0.2,0.5,0.1604,0.815,1.0,0,1
C0574,J0148,0.0,0.8,0.1444,0.815,0.5,0,0
C0574,J0005,0.0,0.3,0.0964,0.815,0.5,0,0
C0574,J0172,0.0,0.6,0.18,0.815,1.0,0,0
C0575,J0022,0.125,0.3,0.1518,0.802,0.5,0,0
C0575,J0086,0.0,0.3,0.0919,0.802,0.5,0,0
C0575,J0050,0.2857,0.3,0.3809,0.802,0.0,1,1
C0575,J0105,0.0,0.3,0.0964,0.802,0.0,0,0
C0576,J0166,0.0,0.8,0.0787,0.692,0.5,0,0
C0576,J0067,0.0,0.7,0.0923,0.692,0.5,0,0
C0576,J0042,0.0,0.7,0.087,0.692,1.0,0,0
C0576,J0170,0.0,0.7,0.0754,0.692,0.5,0,0
C0577,J0120,0.0,0.7,0.1011,0.765,1.0,0,0
C0577,J0077,0.0,0.5,0.0923,0.765,1.0,0,0
C0577,J0192,0.1667,0.9,0.328,0.765,0.5,1,1
C0577,J0181,0.0,0.8,0.1066,0.765,1.0,0,0
C0578,J0199,0.0,0.8,0.1078,1.0,0.5,0,0
C0578,J0117,0.0,0.7,0.1191,1.0,1.0,0,0
C0578,J0010,0.0,0.9,0.1078,1.0,0.5,0,0
C0578,J0191,0.0,0.8,0.1264,1.0,0.5,0,0
C0579,J0010,0.0,0.7,0.1016,0.709,1.0,0,0
C0579,J0110,0.0,0.6,0.1066,0.709,1.0,0,0
C0579,J0198,0.0,0.7,0.1066,0.709,1.0,0,0
C0579,J0190,0.0,0.7,0.1016,0.709,0.5,0,0
C0580,J0070,0.0,0.6,0.0956,1.0,1.0,0,0
C0580,J0038,0.0,0.6,0.0901,1.0,0.5,0,0
C0580,J0034,0.0,0.8,0.0815,1.0,0.5,0,0
C0580,J0169,0.0,0.7,0.0815,1.0,0.5,0,0
C0581,J0120,0.3333,1.0,0.3973,0.625,0.5,1,1
C0581,J0200,0.1429,1.0,0.2716,0.625,0.5,1,1
C0581,J0199,0.0,1.0,0.1323,0.625,0.5,0,0
C0581,J0030,0.0,0.8,0.0846,0.625,0.5,0,0
C0582,J0005,0.0,0.0,0.0964,0.612,0.0,0,0
C0582,J0039,0.125,0.4,0.2988,0.612,0.5,1,0
C0582,J0024,0.0,0.5,0.0919,0.612,1.0,0,0
C0582,J0058,0.1,0.0,0.138,0.612,0.5,0,0
C0583,J0100,0.0,0.7,0.1016,0.812,0.0,0,0
C0583,J0191,0.0,0.5,0.1078,0.812,0.5,0,0
C0583,J0027,0.0,0.2,0.1016,0.812,0.5,0,0
C0583,J0151,0.0,0.5,0.0919,0.812,1.0,0,0
C0584,J0199,0.4286,0.7,0.3924,0.679,0.5,1,1
C0584,J0167,0.3333,0.7,0.3052,0.679,0.5,1,1
C0584,J0130,0.0,0.7,0.145,0.679,0.5,0,0
C0584,J0126,0.0,0.6,0.0973,0.679,0.5,0,0
C0585,J0003,0.1,0.4,0.1292,0.727,0.0,0,0
C0585,J0099,0.0,0.4,0.0826,0.727,0.0,0,0
C0585,J0106,0.0909,0.3,0.1229,0.727,0.5,0,0
C0585,J0168,0.5,0.3,0.5056,0.727,0.0,1,1
C0586,J0043,0.0,0.7,0.1604,0.463,0.5,0,0
C0586,J0076,0.0,0.7,0.0919,0.463,0.5,0,0
C0586,J0153,0.0,0.6,0.088,0.463,1.0,0,0
C0586,J0047,0.0,0.8,0.0919,0.463,1.0,0,0
C0587,J0074,0.6,0.4,0.4739,0.737,0.0,1,1
C0587,J0128,0.0,0.3,0.0901,0.737,0.0,0,0
C0587,J0020,0.0,0.4,0.1123,0.737,0.0,0,0
C0587,J0041,0.0,0.4,0.1123,0.737,0.0,0,0
C0588,J0138,0.0,1.0,0.172,0.656,0.5,0,0
C0588,J0027,0.0,0.5,0.0901,0.656,1.0,0,0
C0588,J0007,0.6667,0.8,0.582,0.656,1.0,1,1
C0588,J0182,0.0,0.9,0.0723,0.656,0.5,0,0
C0589,J0104,0.0,1.0,0.138,0.679,0.0,0,0
C0589,J0071,0.0,1.0,0.1016,0.679,0.5,0,0
C0589,J0197,0.5,1.0,0.4148,0.679,0.0,1,1
C0589,J0177,0.1667,0.8,0.2413,0.679,1.0,1,1
C0590,J0103,0.0,1.0,0.1066,0.801,0.5,0,0
C0590,J0058,0.1429,0.8,0.145,0.801,0.5,0,0
C0590,J0082,0.0,1.0,0.1066,0.801,0.5,0,0
C0590,J0057,0.1429,1.0,0.1518,0.801,0.0,0,0
C0591,J0019,0.0,0.5,0.1391,0.868,0.5,0,0
C0591,J0093,0.125,0.2,0.2061,0.868,0.5,1,0
C0591,J0186,0.0,0.5,0.0935,0.868,0.5,0,0
C0591,J0105,0.0,0.4,0.0887,0.868,0.0,0,0
C0592,J0182,0.0,1.0,0.0901,0.569,0.5,0,0
C0592,J0001,0.1429,1.0,0.1533,0.569,0.5,0,0
C0592,J0145,0.0,1.0,0.1123,0.569,0.0,0,0
C0592,J0149,0.0,1.0,0.1016,0.569,0.0,0,0
C0593,J0190,0.0,0.7,0.1016,0.43,0.5,0,0
C0593,J0157,0.0,0.6,0.1123,0.43,1.0,0,0
C0593,J0059,0.2,0.5,0.1783,0.43,1.0,0,0
C0593,J0119,0.0,0.5,0.1123,0.43,1.0,0,0
C0594,J0196,0.0,0.3,0.0901,0.463,0.5,0,0
C0594,J0024,0.0,0.6,0.1016,0.463,1.0,0,0
C0594,J0153,0.0,0.4,0.0973,0.463,1.0,0,0
C0594,J0151,0.1667,0.4,0.2988,0.463,1.0,1,0
C0595,J0187,0.0,0.5,0.0923,0.548,1.0,0,0
C0595,J0143,0.0,0.6,0.1011,0.548,1.0,0,0
C0595,J0153,0.0,0.6,0.0923,0.548,1.0,0,0
C0595,J0150,0.1429,0.6,0.1596,0.548,0.5,0,0
C0596,J0196,0.0,0.3,0.1021,0.688,0.0,0,0
C0596,J0105,0.0,0.3,0.1208,0.688,0.0,0,0
C0596,J0053,0.0,0.5,0.1274,0.688,0.0,0,0
C0596,J0191,0.0,0.4,0.1351,0.688,0.0,0,0
C0597,J0197,0.0,0.9,0.0919,0.748,0.5,0,0
C0597,J0063,0.0,1.0,0.0964,0.748,0.5,0,0
C0597,J0160,0.1429,1.0,0.2258,0.748,0.0,1,1
C0597,J0031,0.0,0.9,0.1518,0.748,0.5,0,0
C0598,J0200,0.0,0.9,0.1123,0.578,0.5,0,0
C0598,J0002,0.1667,1.0,0.3158,0.578,0.0,1,1
C0598,J0167,0.0,1.0,0.1191,0.578,0.0,0,0
C0598,J0144,0.0,0.9,0.1123,0.578,0.0,0,0
C0599,J0093,0.0,0.1,0.1123,0.9,0.5,0,0
C0599,J0015,0.0,0.5,0.1066,0.9,1.0,0,0
C0599,J0103,0.0,0.5,0.1123,0.9,1.0,0,0
C0599,J0123,0.0,0.4,0.1123,0.9,0.0,0,0
C0600,J0070,0.0,0.2,0.0956,0.866,0.5,0,0
C0600,J0159,0.0909,0.4,0.1274,0.866,0.5,0,0
C0600,J0039,0.1,0.4,0.1415,0.866,0.5,0,0
C0600,J0006,0.0,0.2,0.078,0.866,0.0,0,0
