student_id,background,years_exp,gpa,num_projects,internships,certifications,verified_python,verified_javascript,verified_java,verified_sql,verified_aws,verified_docker,gender,region
1,Mechanical,7,7.151561032351317,0,3,2,50,50,90,100,85,85,F,Tier2
2,Civil,5,7.645639074438328,12,0,1,75,100,90,0,100,90,M,Tier1
3,ECE,7,8.604976729582344,9,1,1,100,75,0,0,75,25,M,Tier1
4,Civil,7,9.051414726405923,6,0,1,25,0,50,25,0,25,M,Tier1
5,Civil,3,7.517793668847361,11,1,1,0,0,85,0,95,0,M,Tier1
6,IT,7,6.152815801975764,9,1,2,100,75,75,0,0,90,M,Tier2
7,ECE,2,6.565853904513809,4,0,2,95,0,50,90,50,0,F,Tier2
8,ECE,7,6.073013987520383,7,3,0,100,85,90,90,85,95,M,Tier2
9,ECE,7,8.286420567330655,8,3,1,85,85,0,90,85,25,M,Metro
10,Civil,7,7.163101188742881,10,2,1,25,100,75,75,0,0,F,Tier1
11,Mechanical,0,7.8986752250177865,13,1,1,0,85,50,75,25,25,M,Tier2
12,ECE,2,7.726468963743299,6,2,2,100,100,90,50,100,0,F,Tier1
13,Other,2,6.285342713433494,13,2,1,0,0,25,95,85,75,M,Tier1
14,Civil,5,7.411414763933411,12,0,2,95,25,90,25,90,85,M,Tier2
15,IT,3,6.771963937228131,14,0,1,50,85,100,100,0,90,M,Tier2
16,Mechanical,7,7.464399260336784,6,0,1,0,95,0,85,95,0,M,Tier1
17,Other,1,6.712523981197849,0,1,0,50,50,95,0,85,75,M,Tier3
18,Other,3,8.941583421969266,14,0,1,0,0,95,95,90,75,F,Metro
19,IT,3,6.609676678023888,3,0,1,25,85,100,85,75,100,M,Tier3
20,Mechanical,2,9.362731930204419,1,1,0,100,100,100,100,75,50,F,Metro
21,Civil,3,7.455675781514293,1,1,2,0,0,75,95,95,100,M,Metro
22,CSE,7,8.961858522066672,1,3,2,0,85,25,85,25,100,M,Tier3
23,Mechanical,7,8.200676863720808,3,0,1,90,75,25,0,50,85,M,Metro
24,IT,0,8.573726045330133,13,0,2,0,85,75,75,95,0,F,Tier2
25,Other,7,8.687033608233731,0,0,1,85,100,50,100,0,25,M,Tier2
26,Civil,7,7.766957086625562,14,3,0,50,0,75,25,25,100,M,Tier3
27,Mechanical,2,7.90155183177151,3,0,0,90,0,85,0,85,95,F,Tier3
28,CSE,7,7.7989855373305375,1,3,1,0,85,85,0,95,25,M,Metro
29,CSE,0,8.058204323315277,4,2,0,85,0,95,75,100,0,F,Tier2
30,ECE,1,6.102880560147775,2,3,0,50,0,90,90,75,0,M,Metro
31,ECE,2,7.384303094471553,14,2,1,25,95,75,75,90,50,F,Tier1
32,IT,1,8.1216604974641,11,0,1,85,95,75,95,95,25,F,Tier2
33,Mechanical,2,8.092032478395526,7,2,0,100,85,50,50,100,90,F,Tier1
34,Mechanical,5,8.77534633111971,3,3,2,0,85,0,0,25,85,M,Tier1
35,Other,3,8.29253268591238,0,1,2,0,0,95,90,0,75,M,Tier1
36,Other,5,9.472466607192352,0,2,1,0,100,95,95,90,0,F,Tier2
37,Other,7,6.993490850130257,11,2,1,0,0,95,100,0,0,M,Tier3
38,ECE,1,7.25702860383181,9,0,2,50,85,90,25,0,100,M,Metro
39,Mechanical,7,7.343465031537287,2,3,0,100,95,100,75,85,95,F,Tier1
40,Mechanical,3,7.630344824570869,14,2,2,85,0,0,100,100,95,M,Tier3
41,CSE,2,8.925993223234233,8,2,2,0,25,0,90,95,50,M,Tier1
42,ECE,3,6.825272328857235,6,2,2,100,75,90,95,95,0,M,Metro
43,Civil,0,8.716000724624003,1,2,2,90,85,85,50,0,0,M,Tier1
44,ECE,3,7.418585640800102,14,1,1,25,100,50,75,75,90,M,Tier1
45,Civil,0,8.10649384281703,12,3,1,0,85,100,25,85,75,F,Metro
46,CSE,3,8.213891866292071,8,0,0,100,100,85,50,100,100,M,Tier2
47,IT,0,7.3049702301612705,9,0,0,90,0,100,85,95,85,F,Tier1
48,Mechanical,1,7.794153218220318,1,1,0,0,25,25,95,0,0,F,Tier3
49,CSE,7,7.44560911126694,2,3,0,0,50,95,100,90,0,F,Tier2
50,Mechanical,7,6.241964751653168,10,2,2,0,0,100,75,85,100,M,Tier2
51,Other,5,7.530078860858893,12,1,1,100,0,0,75,25,0,F,Metro
52,IT,7,6.340876873937432,9,3,1,0,100,95,90,0,100,M,Tier1
53,IT,2,7.417572796781125,13,2,0,75,0,95,25,90,0,M,Metro
54,CSE,3,8.075214399411237,1,1,0,0,100,50,0,50,0,F,Tier3
55,IT,5,8.027952147702253,2,3,2,0,0,0,85,75,50,M,Metro
56,Civil,2,8.31917447652912,5,0,2,0,90,85,50,85,0,F,Metro
57,IT,2,6.333415277841192,8,0,0,75,95,100,0,100,0,M,Tier1
58,Mechanical,0,8.282431359356533,8,3,1,25,0,100,0,0,90,F,Metro
59,Mechanical,7,7.092518198437565,6,0,1,75,0,25,75,90,75,M,Metro
60,Mechanical,1,7.396660811479888,11,3,1,95,100,95,90,25,95,F,Tier1
61,Mechanical,1,9.00295188872947,2,2,0,100,0,75,0,95,0,M,Metro
62,Civil,5,6.031606414453426,3,3,1,100,25,0,75,0,95,M,Metro
63,ECE,1,8.05944421669212,5,2,2,90,0,75,0,0,95,M,Tier1
64,Other,3,8.095498930350377,10,1,2,0,85,100,0,75,0,M,Tier2
65,CSE,1,7.388309217202467,4,3,0,90,95,75,85,100,0,M,Tier1
66,Mechanical,5,6.829597499879177,1,1,2,95,85,50,100,0,75,M,Tier1
67,IT,1,6.821359133915429,12,0,0,75,75,0,0,25,90,M,Tier1
68,Mechanical,3,9.092983843812634,5,2,1,100,100,100,75,90,25,M,Tier1
69,IT,0,7.547085308240002,2,3,1,50,0,100,85,100,50,M,Tier3
70,Other,5,7.158112770462102,13,1,1,75,100,0,90,50,95,F,Metro
71,Other,0,7.57072150840991,7,2,2,75,95,85,85,95,75,F,Tier2
72,Other,0,8.342866405107765,1,2,0,95,50,0,75,75,85,F,Tier3
73,IT,0,6.510147988856631,0,0,1,25,50,75,95,0,85,F,Tier2
74,Mechanical,2,7.573018423248082,8,0,0,0,75,50,0,75,25,M,Metro
75,Other,7,8.057595298886355,13,2,1,95,95,25,75,75,25,M,Metro
76,Civil,2,9.320041741980019,11,2,2,0,90,85,25,75,25,M,Tier2
77,IT,7,6.883847237263968,2,3,2,100,90,90,0,90,50,F,Metro
78,IT,0,7.25737761770686,10,2,0,95,90,25,0,75,50,F,Tier2
79,Mechanical,5,7.327755064728484,0,3,2,0,0,0,0,50,90,M,Tier2
80,IT,7,8.119383551757089,6,2,2,90,0,0,100,0,95,M,Tier2
81,IT,3,7.248562185640006,12,0,0,95,90,0,0,25,0,M,Metro
82,Other,3,7.867291738548935,14,3,1,100,50,0,25,100,85,M,Tier2
83,Mechanical,1,8.736266154457603,9,1,2,95,95,50,0,50,0,M,Tier2
84,Other,7,8.468849579392712,4,0,0,100,0,25,0,100,0,M,Tier2
85,Other,5,7.56229026279405,4,3,2,95,95,95,25,25,25,F,Metro
86,Mechanical,2,9.024756621859591,13,3,2,0,90,0,85,0,100,M,Metro
87,CSE,0,7.95349087357852,0,1,2,25,95,85,100,85,85,F,Tier1
88,Other,1,7.889670438257744,14,3,2,85,25,90,75,100,0,F,Metro
89,Civil,3,6.119657180787054,14,2,0,0,0,75,75,100,0,F,Tier1
90,Civil,2,9.453425431250066,8,1,0,0,0,100,95,0,0,F,Tier3
91,IT,2,6.4303978298536935,6,0,0,0,50,0,0,0,100,F,Tier1
92,Civil,0,6.808958193496763,7,0,2,25,0,90,25,50,0,F,Tier2
93,IT,7,6.180938930345344,8,2,2,90,90,100,50,0,85,F,Metro
94,CSE,3,8.240010383929198,5,0,2,75,100,0,0,0,95,M,Metro
95,Mechanical,5,6.78645411940438,11,3,0,0,50,90,90,0,75,F,Metro
96,Mechanical,2,6.630036531154532,4,3,2,95,50,25,90,75,100,F,Tier1
97,Mechanical,0,6.309944544781345,5,2,1,0,0,90,75,95,0,F,Tier3
98,Civil,5,6.361581349934055,10,0,2,50,85,0,50,100,100,F,Metro
99,CSE,7,8.04634745154906,1,0,1,25,90,0,90,0,100,M,Tier2
100,Civil,3,8.408727530533085,3,2,2,85,100,75,0,50,95,M,Tier1
101,Civil,7,7.390826459625403,2,1,0,90,0,95,0,95,85,M,Tier3
102,CSE,2,7.679639785572256,12,0,2,50,0,0,0,95,0,M,Metro
103,CSE,5,8.400887075940444,6,1,1,100,100,0,50,0,95,F,Metro
104,CSE,5,6.060829265649179,8,0,1,50,25,100,0,90,0,M,Metro
105,CSE,5,7.130957299745975,4,0,2,0,50,0,0,0,25,M,Tier1
106,Mechanical,2,9.405842118246213,5,0,1,90,0,25,75,90,95,M,Metro
107,ECE,2,8.030392803934138,9,0,1,0,0,50,90,0,25,M,Tier3
108,ECE,7,6.889786029641226,13,3,0,100,95,0,0,50,0,F,Tier2
109,CSE,1,7.826055163226746,11,1,2,75,0,100,25,90,0,F,Tier2
110,ECE,7,7.199287208423204,11,1,2,90,25,0,85,75,85,M,Tier1
111,ECE,3,7.862857460892047,1,0,2,75,0,0,0,95,75,M,Metro
112,CSE,0,6.440095291323271,2,0,1,25,25,85,0,0,100,M,Tier1
113,ECE,5,6.464501288367471,2,1,2,25,90,95,100,95,25,M,Tier3
114,Civil,1,6.502398267137875,11,3,2,75,90,100,85,0,75,M,Tier2
115,IT,0,9.289369271743947,11,2,0,25,95,0,85,100,75,F,Tier3
116,IT,1,8.565146214194696,14,2,0,90,50,85,0,100,25,M,Tier2
117,CSE,7,6.5683366313181235,8,1,0,95,85,85,0,0,75,M,Metro
118,Mechanical,2,6.659221793179605,14,0,1,0,0,85,25,0,100,M,Metro
119,CSE,5,8.557903162048067,6,0,2,25,100,0,50,0,90,F,Metro
120,Mechanical,7,6.546573456772609,7,3,0,25,25,85,50,0,0,F,Tier1
121,IT,0,6.820964526671901,10,2,0,0,100,0,25,0,25,F,Metro
122,CSE,0,9.371713914871396,9,3,0,75,95,100,90,95,100,M,Tier1
123,Other,0,6.893572836549511,10,2,2,0,100,0,85,90,0,F,Tier2
124,Civil,0,8.315713226299014,8,1,2,85,100,50,95,0,25,M,Tier3
125,ECE,0,9.425209505901856,5,2,2,50,0,0,85,25,100,M,Tier2
126,Mechanical,1,7.310038684989275,3,3,1,25,0,95,100,0,100,M,Tier3
127,Other,7,6.061305968017217,11,3,1,50,50,85,0,0,95,M,Metro
128,ECE,5,6.85451551647831,0,3,0,90,0,25,85,25,90,F,Metro
129,ECE,2,8.90807016969597,7,1,2,0,0,25,0,0,25,F,Tier2
130,CSE,2,9.02613092584263,6,2,0,85,0,0,85,0,85,M,Metro
131,ECE,7,8.68981777583327,1,2,2,75,100,50,100,95,100,F,Metro
132,Civil,7,6.395884366768006,7,3,2,0,0,25,90,0,0,F,Tier1
133,Other,2,8.78428630093741,11,2,2,85,0,0,95,25,95,F,Metro
134,ECE,2,9.215372289477266,4,0,1,85,0,90,0,0,100,M,Tier1
135,CSE,1,8.102133398911826,6,0,1,0,0,0,25,0,25,M,Tier1
136,Civil,3,9.293063747183227,3,0,2,95,90,75,25,50,0,M,Tier1
137,IT,5,8.89393609299157,4,2,0,75,0,25,95,100,100,F,Tier2
138,Other,0,8.334400309468176,7,1,2,0,0,95,85,0,50,M,Tier1
139,ECE,3,8.020148328491118,0,1,2,50,85,85,0,85,0,M,Metro
140,CSE,7,7.220007835346896,0,1,0,25,100,95,100,25,100,M,Metro
141,IT,2,6.5575060583498175,14,1,2,85,0,100,50,75,75,M,Tier1
142,IT,3,8.117338729416893,3,0,0,90,90,0,85,90,100,F,Tier2
143,Mechanical,5,7.113390437663418,2,0,1,0,25,0,90,75,0,F,Tier2
144,Civil,7,9.03253533634676,12,3,1,50,25,50,0,0,75,F,Tier2
145,ECE,0,9.4766792807552,9,2,0,0,50,0,0,0,25,F,Metro
146,CSE,0,8.633497169154504,11,2,1,0,75,75,85,90,0,M,Tier1
147,Mechanical,5,6.316685933504678,1,1,1,0,85,90,0,90,0,M,Tier1
148,Civil,5,7.010399584357233,11,0,0,75,25,25,85,95,85,M,Tier1
149,Mechanical,2,6.381883711180124,2,1,1,85,90,50,95,75,95,M,Tier1
150,Other,0,8.276790767271006,10,3,2,90,75,50,0,0,0,M,Tier1
151,Civil,7,8.678168025945247,14,2,2,25,0,25,85,95,75,F,Tier1
152,Civil,3,9.239861908082492,14,2,0,0,0,25,25,0,95,M,Tier2
153,ECE,7,7.533603212441957,10,1,1,50,95,25,0,75,0,F,Metro
154,Civil,1,9.154814773559554,13,3,2,95,100,25,85,100,85,M,Tier2
155,Mechanical,1,9.072619056644646,10,2,2,75,75,25,50,100,50,M,Metro
156,Civil,5,7.110185008678895,0,3,1,95,100,50,0,95,50,M,Metro
157,ECE,2,9.041152189391997,0,3,1,75,90,0,50,0,85,M,Tier3
158,ECE,1,7.3148528815860425,5,1,2,0,85,0,0,50,95,M,Tier3
159,Other,0,7.0390424609609825,4,0,2,50,75,95,85,50,25,M,Metro
160,Mechanical,7,8.271761305780377,7,1,0,95,25,0,75,100,95,M,Tier1
161,IT,7,7.149334297597784,1,0,0,90,85,75,90,85,100,M,Metro
162,IT,5,8.205730619152005,3,3,2,85,95,0,50,25,95,M,Tier1
163,Civil,3,8.13441131924543,7,0,0,0,100,50,0,25,25,F,Tier2
164,Other,5,7.972036245719606,11,3,2,25,100,25,95,85,0,F,Tier3
165,CSE,3,7.331468964814792,5,2,2,85,85,85,90,95,0,M,Tier2
166,Civil,5,7.919749025780169,0,2,0,85,0,85,75,25,95,F,Tier1
167,Other,5,8.087699162448976,14,2,0,75,100,75,100,25,0,F,Tier2
168,Mechanical,5,7.909904109734157,3,1,1,90,95,100,85,75,75,F,Tier1
169,Mechanical,3,7.555468084629205,0,1,1,75,25,50,95,75,50,M,Tier3
170,Mechanical,3,6.051334699661924,12,3,1,100,0,0,85,85,50,M,Tier3
171,Mechanical,5,8.054715976954029,1,2,2,0,25,0,0,0,25,F,Tier1
172,Mechanical,1,6.589555347999519,4,1,0,25,25,95,75,0,75,M,Tier1
173,Other,2,8.249015891315164,13,2,2,0,100,0,85,95,50,F,Metro
174,Other,2,8.65770514773003,7,1,0,0,0,50,0,75,25,F,Metro
175,ECE,2,7.751558581957595,7,0,2,100,0,0,0,75,95,M,Tier2
176,IT,3,7.898272827429084,10,0,1,50,100,25,25,50,75,M,Tier1
177,Mechanical,3,9.33017495883097,2,2,1,0,0,0,100,0,100,M,Tier1
178,CSE,1,8.965085764804009,10,3,1,0,90,0,75,50,100,M,Tier1
179,Other,2,9.199827805830145,12,1,2,0,0,100,0,0,100,M,Tier2
180,CSE,2,8.848182009118553,3,1,0,25,100,85,95,0,0,M,Metro
181,CSE,5,6.38121419646356,9,0,0,75,50,100,50,25,100,M,Tier3
182,CSE,3,6.521471495895682,10,0,1,90,25,0,85,50,75,M,Tier3
183,ECE,2,7.843183290441359,13,3,1,0,90,25,95,100,0,F,Tier3
184,Other,7,6.861243805792994,5,3,1,0,0,0,95,95,50,M,Tier1
185,CSE,1,7.668434162644057,10,3,1,0,100,0,0,25,100,F,Metro
186,Mechanical,7,7.380278633364226,10,2,0,0,95,95,0,0,75,F,Tier1
187,Civil,7,7.9229498345065865,9,0,2,50,85,0,0,100,90,M,Tier1
188,CSE,1,8.614065006475379,2,2,2,25,85,50,75,0,95,F,Metro
189,ECE,7,8.50421817484746,1,0,2,25,0,0,0,100,0,M,Tier2
190,Other,2,7.82431946369867,5,0,2,95,0,25,100,75,0,F,Tier1
191,ECE,3,8.878376965859703,10,1,1,85,25,85,0,85,25,M,Tier3
192,CSE,1,7.508017320383116,12,0,1,25,25,85,0,100,90,M,Metro
193,Other,5,9.138500014440428,14,0,1,0,0,0,50,90,90,M,Tier2
194,Civil,7,6.249480945193073,4,2,2,75,85,50,25,0,0,M,Tier2
195,CSE,1,9.341310105116577,13,0,1,0,90,0,0,25,25,M,Tier2
196,ECE,0,8.291425785009718,9,2,1,75,0,100,25,50,0,M,Tier3
197,IT,0,7.330260781280218,4,3,0,95,25,100,0,0,100,M,Tier2
198,Mechanical,3,6.6900394430050705,9,0,0,75,0,100,0,0,0,M,Tier3
199,ECE,2,7.6771413030526,12,0,1,25,0,0,95,90,25,M,Tier1
200,Other,3,6.680954131148553,4,2,0,50,75,50,0,75,75,M,Tier1
201,CSE,3,6.582160627100998,9,3,0,75,25,100,85,50,50,M,Metro
202,Mechanical,3,8.16073115094541,11,1,1,0,75,95,25,95,0,M,Metro
203,CSE,3,7.830796536036246,4,3,1,90,0,0,50,0,0,F,Metro
204,Other,5,8.345336121138295,2,2,1,25,25,0,100,100,95,M,Metro
205,CSE,5,9.253620570976963,6,3,1,90,75,25,50,90,0,F,Metro
206,IT,1,7.862910746686641,5,2,2,100,50,25,0,100,95,M,Metro
207,Mechanical,0,8.033262186419792,3,2,2,100,0,0,75,95,0,F,Metro
208,Mechanical,3,6.313692187042298,1,1,1,0,90,95,95,0,85,M,Tier3
209,Other,1,8.511725250680204,11,0,0,100,85,95,0,85,75,M,Metro
210,IT,0,7.399668223814547,8,2,1,85,0,0,85,90,85,M,Tier2
211,ECE,7,9.418538335319026,0,2,1,95,75,95,75,0,0,M,Metro
212,CSE,2,8.881109054584812,12,1,0,25,25,75,50,25,0,M,Tier3
213,Civil,5,7.828683641806414,12,2,2,90,50,90,25,0,0,M,Tier3
214,CSE,7,6.431279289602581,10,0,1,0,50,100,25,85,25,F,Tier2
215,CSE,0,9.007955276482061,14,1,1,85,85,25,75,95,0,M,Tier2
216,ECE,7,8.799233833984076,13,0,2,0,50,0,25,0,100,M,Metro
217,CSE,2,6.6460479533796155,3,0,2,85,0,0,50,75,90,F,Tier3
218,IT,0,7.0334740122710855,0,1,0,100,100,95,75,90,0,M,Tier3
219,IT,7,8.776925403517431,12,2,2,100,50,0,50,75,85,F,Tier3
220,Mechanical,5,6.648299562915934,5,0,2,75,85,85,85,0,85,M,Tier2
221,Other,5,9.21213371209982,3,0,2,0,50,0,95,85,95,F,Tier1
222,Civil,1,7.4858459881872665,4,0,0,0,50,0,100,0,75,M,Tier3
223,CSE,7,6.304636369056805,4,0,2,75,95,0,85,0,0,F,Metro
224,CSE,3,8.855120252264983,8,1,2,25,0,100,85,0,90,F,Tier1
225,ECE,7,7.3072838906343565,0,1,0,75,75,75,25,0,0,M,Metro
226,Other,0,7.842747179538233,12,3,2,0,0,100,0,0,0,M,Tier3
227,IT,0,6.393065205439267,1,3,2,100,100,0,90,85,50,M,Metro
228,Civil,7,6.009044051957439,12,0,0,0,50,100,25,50,90,F,Metro
229,Mechanical,2,8.232948220276542,5,2,1,0,90,25,0,0,95,M,Tier1
230,IT,5,7.803113096168061,4,0,0,90,50,100,50,0,85,M,Tier2
231,Other,0,8.077384991931016,10,2,2,90,95,95,90,100,95,M,Tier2
232,Mechanical,5,8.778103476331808,6,0,2,25,75,95,25,75,0,M,Metro
233,ECE,0,8.26312069698001,2,3,2,75,90,75,90,0,50,M,Metro
234,ECE,1,6.61170704989582,2,3,0,90,100,25,90,95,100,F,Tier2
235,CSE,3,7.262703816887099,9,2,2,85,90,85,0,0,90,M,Tier3
236,Other,0,9.170618866757161,1,0,2,85,0,0,95,0,0,F,Tier2
237,Civil,5,8.694806450880876,12,2,0,25,85,25,0,85,90,M,Tier1
238,Mechanical,1,7.9482297027785105,2,3,1,95,85,50,0,75,85,M,Tier3
239,IT,0,6.894757492332453,9,0,1,100,100,90,0,75,0,M,Tier1
240,Other,2,7.057211756421783,0,0,2,75,75,0,75,50,100,M,Tier1
241,Other,3,8.561853236549721,4,2,0,0,85,50,100,25,100,F,Tier1
242,ECE,0,8.979109912984697,13,1,2,50,0,75,0,25,75,F,Tier1
243,CSE,1,8.34998634335715,14,2,0,50,95,50,75,0,0,M,Tier2
244,CSE,2,8.833354915189545,11,3,0,50,100,95,0,100,0,M,Tier1
245,Mechanical,7,8.683296473201422,4,3,1,90,100,100,0,90,50,M,Tier1
246,ECE,1,6.5239638878493516,11,3,1,95,0,0,50,85,0,F,Metro
247,Other,1,7.483806845196557,10,3,0,95,0,0,100,95,100,F,Metro
248,Civil,2,6.535443302899969,6,3,2,75,0,0,95,0,0,F,Tier1
249,ECE,1,6.823324546806947,3,1,1,75,0,0,90,85,75,M,Metro
250,Mechanical,2,9.042408686278684,2,0,2,95,0,100,0,100,90,M,Metro
251,Mechanical,0,7.655121879716138,0,2,1,25,85,95,0,25,90,M,Tier2
252,ECE,2,7.873753356449313,11,2,1,75,25,95,0,85,90,M,Tier2
253,Mechanical,2,6.624560878297203,14,3,2,25,100,100,0,0,75,M,Tier2
254,ECE,3,7.092951251170787,7,2,1,0,0,0,0,50,0,M,Tier1
255,IT,2,6.805861589497544,12,3,1,85,100,0,90,0,0,M,Tier3
256,ECE,2,6.721651575814493,2,1,2,100,50,25,0,50,0,F,Tier3
257,ECE,7,8.232862776605895,12,1,1,75,75,95,50,25,50,F,Tier2
258,Mechanical,0,6.899093466760002,14,0,1,95,95,0,95,0,100,M,Tier2
259,Mechanical,3,8.212054201071464,1,1,1,85,25,85,85,25,50,M,Tier1
260,CSE,7,6.204591149379938,10,1,2,85,0,0,25,0,100,M,Tier3
261,CSE,5,6.496210377344856,3,0,0,0,50,85,95,0,0,F,Metro
262,IT,0,6.960890889000439,2,2,2,95,0,85,95,100,0,F,Metro
263,CSE,0,8.08966420913492,12,3,0,100,0,95,0,90,95,F,Tier1
264,ECE,5,8.365444357805815,0,3,1,95,0,0,100,50,0,F,Metro
265,Mechanical,2,7.549509383728345,2,2,0,75,100,75,100,25,85,M,Tier3
266,CSE,7,7.5602682010203015,11,0,2,0,0,95,75,100,100,M,Tier1
267,CSE,1,8.535808979895164,1,2,2,0,75,0,25,50,25,M,Tier1
268,IT,3,6.055373821179539,7,1,1,25,90,0,90,25,85,M,Tier2
269,Other,1,7.193815085659772,5,0,0,0,0,50,85,0,90,F,Tier1
270,IT,5,8.865474699917314,8,0,1,0,95,100,85,50,50,M,Metro
271,ECE,0,8.111267935746802,7,0,1,0,95,100,100,25,0,M,Tier2
272,Mechanical,0,7.180294964643972,9,3,2,25,0,100,95,0,25,M,Tier2
273,IT,3,9.169336773153859,2,2,0,90,90,90,50,0,100,F,Tier1
274,CSE,0,8.704179546072838,4,0,0,95,100,95,75,100,0,M,Tier2
275,Mechanical,0,6.927134065328567,6,0,0,0,50,0,0,100,100,F,Metro
276,Mechanical,3,8.258514431340009,4,0,0,75,25,50,75,90,50,M,Metro
277,CSE,7,8.085127548661347,7,2,1,100,100,85,0,85,100,M,Metro
278,IT,7,7.404157699136439,11,3,1,50,50,75,75,0,100,M,Tier1
279,CSE,3,7.284346277216803,4,1,2,75,25,75,95,0,75,F,Tier2
280,Other,5,7.202461661714963,0,3,1,25,90,85,90,0,0,M,Tier2
281,Mechanical,0,8.160045241884763,4,0,1,100,25,0,95,50,85,F,Tier1
282,Civil,0,7.548434777682344,3,3,2,75,100,0,100,100,0,M,Tier1
283,Civil,5,8.911520896379978,5,3,2,85,75,100,90,0,0,M,Tier2
284,ECE,7,8.343609156468867,2,1,2,95,0,95,0,0,100,F,Metro
285,CSE,2,6.244760619983019,14,2,1,100,50,90,90,0,0,M,Metro
286,CSE,2,8.240588783398582,10,2,1,85,75,50,75,50,95,M,Tier3
287,ECE,2,6.9490160277506465,4,3,2,75,50,75,75,0,100,F,Tier2
288,ECE,7,8.074841970786979,1,3,2,0,0,100,75,95,75,M,Tier3
289,ECE,7,8.38046175886208,10,2,2,0,85,0,0,0,75,F,Tier1
290,Mechanical,5,6.807902162039042,5,2,1,0,25,100,100,25,25,M,Tier2
291,Other,0,7.5990052570812905,12,1,1,95,90,0,0,100,90,M,Metro
292,CSE,5,6.666137019866738,14,0,0,100,85,25,25,100,50,M,Metro
293,Mechanical,5,6.183186065252779,11,3,1,100,85,0,100,25,85,F,Tier1
294,ECE,7,7.3246674822005415,5,2,1,95,95,85,75,0,95,M,Tier1
295,CSE,2,7.270304951460972,4,3,1,85,0,0,100,0,50,F,Metro
296,Mechanical,1,9.4841817174649,5,3,2,0,100,100,0,0,50,F,Metro
297,Other,0,7.562233229191747,10,2,1,75,75,0,85,75,25,M,Metro
298,Mechanical,7,7.167493423152702,6,1,2,25,75,50,85,0,75,M,Tier2
299,Other,2,8.031662523508361,11,3,0,0,75,25,25,85,0,M,Tier1
300,ECE,1,6.310685879377189,4,1,0,0,75,90,25,50,0,M,Metro
301,Other,1,9.365830075841846,0,2,2,50,100,25,0,95,0,M,Metro
302,CSE,7,8.222360159568616,7,0,2,0,85,75,0,85,0,F,Metro
303,ECE,3,8.641932369792967,3,0,2,25,100,50,95,25,0,F,Tier2
304,CSE,0,6.596672783608711,8,3,1,0,75,0,100,50,90,F,Metro
305,Civil,1,7.433172485518213,13,2,0,25,0,90,90,50,90,F,Tier2
306,IT,7,7.479411896886663,9,1,2,75,0,0,90,50,0,F,Metro
307,Other,7,8.876322553653804,11,3,1,100,0,95,95,100,75,M,Metro
308,IT,2,6.004328379157933,5,2,0,25,75,95,85,95,50,F,Tier3
309,IT,3,7.052985879236393,0,2,1,0,90,0,95,100,0,F,Tier2
310,Other,0,9.434327310205063,2,1,0,85,0,25,100,0,50,M,Metro
311,ECE,5,7.662102902271766,2,3,1,0,100,90,0,75,50,F,Tier2
312,Civil,2,7.338841980854029,9,2,0,95,90,95,75,90,50,M,Tier1
313,CSE,1,6.419401507061762,11,2,0,0,90,0,0,95,0,F,Tier2
314,Mechanical,1,9.409576200198055,11,2,1,90,50,50,75,85,0,F,Tier2
315,CSE,2,6.070092245740385,3,1,2,90,90,90,0,0,25,F,Tier2
316,Mechanical,7,8.58013078752535,5,3,0,0,75,0,90,0,85,M,Tier3
317,CSE,1,8.69009931675978,14,3,2,25,50,85,25,25,0,F,Metro
318,Other,3,6.852798506223533,6,3,1,0,95,90,100,75,100,M,Tier2
319,Civil,0,8.35045455264563,9,3,2,25,85,100,75,0,25,M,Tier1
320,Mechanical,3,6.325252005327865,3,0,2,95,90,0,95,0,25,F,Metro
321,ECE,1,6.899665432512279,5,0,2,0,0,0,0,75,0,M,Metro
322,CSE,5,8.757656959022928,10,3,2,0,0,100,0,0,100,F,Metro
323,CSE,0,9.026401672117391,0,1,2,25,90,85,85,95,90,M,Tier2
324,Mechanical,0,8.12970244430927,13,0,0,50,95,95,0,0,0,M,Tier1
325,ECE,2,7.773934511371689,7,2,0,0,25,0,0,75,90,F,Tier1
326,ECE,2,6.557564072166431,6,0,0,85,100,0,25,0,85,M,Metro
327,Other,5,6.220881615777025,14,2,1,100,100,50,95,85,95,M,Tier1
328,Other,7,6.411771599657455,10,3,2,85,95,0,90,0,90,F,Tier3
329,Other,0,6.795750550336345,10,0,0,95,25,0,0,75,50,M,Tier1
330,Other,5,7.195860756639223,8,1,1,25,100,85,90,85,90,F,Tier2
331,Other,2,7.333183339288455,2,0,0,75,100,85,25,0,100,M,Tier2
332,Other,2,7.212126190061513,1,0,0,0,100,100,0,0,0,M,Tier2
333,Civil,0,6.836693662690429,0,0,2,25,95,90,100,50,100,M,Tier1
334,ECE,3,7.784034863630944,2,3,1,0,85,50,85,75,85,M,Tier3
335,Other,1,8.888501378815139,4,1,2,100,0,100,75,95,25,M,Tier1
336,ECE,2,6.978962384650178,13,0,2,50,95,50,100,0,50,M,Tier3
337,ECE,7,9.298354566857816,10,1,0,85,25,50,50,25,95,M,Metro
338,IT,7,9.056678316033468,1,3,2,0,90,0,0,100,85,M,Metro
339,Civil,2,6.566174739732384,11,2,1,100,85,100,0,90,25,M,Metro
340,Other,3,8.751965848649832,2,0,2,100,85,50,90,100,75,M,Tier2
341,CSE,3,8.011055838112183,14,1,2,85,90,75,0,95,100,M,Tier1
342,Mechanical,5,7.9830137675999655,14,1,2,100,0,0,0,0,85,F,Metro
343,CSE,7,7.36864967070361,14,3,0,75,50,85,0,0,100,F,Metro
344,Civil,5,7.754035497137034,3,0,1,75,0,0,50,25,95,F,Tier3
345,Mechanical,7,7.390125721002239,6,2,0,90,0,0,25,0,25,M,Tier2
346,Civil,1,7.8890641656598,12,1,0,90,0,0,85,0,100,F,Tier1
347,ECE,1,8.197825184704225,2,0,0,75,50,50,50,0,0,F,Tier2
348,Mechanical,0,8.36006332243167,14,2,0,0,0,100,90,85,90,F,Tier1
349,ECE,5,7.863684173957992,8,1,0,50,25,85,25,0,0,M,Tier1
350,CSE,2,8.52497723565056,7,1,1,0,0,0,75,0,95,F,Tier3
351,CSE,5,6.494473172464271,3,2,2,50,0,100,25,0,0,F,Metro
352,Mechanical,2,6.741938718157835,12,2,0,95,0,0,0,90,0,F,Tier1
353,Mechanical,3,8.865572514259945,0,3,0,100,75,0,0,50,90,M,Tier1
354,Other,5,7.1288479224624535,0,0,1,0,0,75,0,90,95,M,Tier1
355,Civil,3,6.080128387416421,0,0,1,100,90,0,90,0,85,M,Tier1
356,Other,1,6.538269023838109,0,3,2,50,90,0,25,85,0,M,Tier1
357,Civil,1,6.782650520737089,7,1,1,75,50,75,50,90,85,F,Metro
358,Other,0,9.350630107631055,2,2,2,85,100,0,90,75,75,M,Tier1
359,ECE,5,8.005645001257973,14,2,0,95,85,75,85,85,0,M,Metro
360,Mechanical,3,9.264557591666891,5,2,0,75,25,100,90,0,0,M,Metro
361,CSE,2,8.013071726738186,2,1,2,50,0,90,90,90,100,M,Metro
362,Civil,1,7.677740540482481,10,2,1,85,0,0,75,50,100,M,Tier2
363,Civil,1,7.098046919179336,4,2,2,0,100,95,100,85,50,F,Tier1
364,CSE,2,8.122298305516814,12,3,1,50,100,90,0,0,100,M,Tier2
365,Other,3,6.487193086161354,14,1,0,0,25,100,75,50,25,M,Tier2
366,Civil,3,9.14391569552447,13,0,1,25,0,0,0,0,0,M,Tier2
367,ECE,5,8.902663417994493,12,3,2,85,90,85,0,90,25,M,Tier1
368,Mechanical,5,7.1113600675685795,14,3,2,50,95,100,0,25,90,M,Tier1
369,CSE,7,9.33479134660453,6,0,0,75,25,75,0,25,50,F,Tier1
370,Mechanical,7,8.88820268595449,1,3,1,0,100,75,50,0,50,F,Tier2
371,Civil,0,8.33207410042264,5,1,1,0,0,75,0,50,100,F,Tier1
372,Civil,1,6.426166688938462,12,2,1,85,0,75,100,0,0,F,Tier2
373,CSE,5,7.6738190806682525,5,1,0,0,50,100,75,95,90,M,Tier3
374,ECE,3,7.771376441963628,10,0,1,75,0,85,85,50,75,F,Metro
375,IT,2,6.81392975427883,2,0,2,50,100,0,100,75,0,F,Metro
376,CSE,3,6.279878880257557,5,3,1,100,85,75,0,0,0,F,Tier2
377,IT,1,8.718532706650924,9,1,0,0,75,0,25,100,95,M,Tier1
378,Other,7,6.427122682435383,9,1,1,100,0,85,100,100,85,F,Metro
379,IT,3,8.080017626966212,13,0,1,25,90,85,100,0,100,F,Tier3
380,ECE,0,9.277572108592812,4,1,2,0,0,90,100,25,95,F,Metro
381,Other,1,9.06636817409315,11,0,1,25,50,0,100,85,75,M,Tier3
382,IT,7,6.972134183122414,1,1,2,0,95,95,100,75,50,F,Tier2
383,Other,2,8.980070231429428,8,1,2,0,90,50,0,100,0,F,Tier2
384,IT,7,6.001163771421713,7,1,0,90,0,95,0,0,75,F,Metro
385,ECE,0,6.0619073336464,2,0,2,75,95,100,90,0,75,M,Metro
386,IT,1,8.108936073450028,7,3,2,0,50,50,100,90,0,F,Tier1
387,IT,2,7.276793767005853,13,1,0,75,100,85,100,25,0,M,Metro
388,IT,0,7.3526129440570145,8,0,2,100,75,95,0,50,0,M,Tier1
389,CSE,7,7.975543817376089,13,0,0,95,0,25,0,85,0,M,Tier1
390,CSE,0,6.671238594571512,14,1,1,85,0,0,90,90,85,F,Metro
391,CSE,1,6.741143727329174,2,1,0,95,100,95,85,100,100,M,Metro
392,ECE,5,7.696105554566026,2,3,2,50,90,0,85,85,0,M,Tier2
393,Other,0,8.63988740520352,1,0,0,85,100,0,25,0,100,F,Metro
394,Civil,0,8.168242129926558,7,0,2,85,100,100,95,25,100,F,Metro
395,IT,7,7.040742668828936,9,2,1,0,0,0,75,100,0,M,Tier2
396,IT,7,7.506180121281224,0,0,0,85,0,0,0,0,0,F,Tier3
397,ECE,2,6.597326654924995,7,3,1,0,50,75,0,100,100,F,Tier1
398,IT,7,6.261204350179786,6,2,2,95,75,0,0,95,85,M,Metro
399,CSE,3,8.739436142604522,13,2,2,100,0,100,95,0,0,M,Tier1
400,Civil,1,6.928855932158681,6,2,1,75,50,90,25,0,85,M,Tier3
401,Mechanical,1,6.622182357479369,2,1,0,50,85,75,50,100,95,M,Tier2
402,IT,5,8.420663194492619,0,1,0,85,100,85,0,95,100,M,Tier2
403,CSE,5,8.163180860005152,3,0,2,50,100,0,25,100,25,F,Tier1
404,Mechanical,1,8.216163691047125,8,2,1,100,90,0,90,0,85,F,Tier1
405,Civil,5,6.801131116963147,4,3,1,50,85,0,25,90,95,M,Metro
406,Mechanical,2,6.814259384969383,0,1,0,100,90,0,95,0,90,M,Tier2
407,CSE,7,6.772809204249737,14,3,0,85,95,85,95,0,90,M,Tier2
408,Other,1,6.6081340848180306,4,3,0,100,50,95,75,0,95,M,Tier3
409,Other,5,8.295032853965797,12,1,1,85,50,25,0,0,50,M,Metro
410,Mechanical,1,8.968055598372905,7,1,0,0,100,50,100,0,50,F,Metro
411,ECE,3,8.535111143868313,7,1,0,0,25,0,85,90,0,F,Tier1
412,Mechanical,0,8.7723277181619,4,1,2,100,95,95,95,95,50,M,Tier2
413,IT,7,7.416794501798199,11,2,0,0,50,25,75,0,90,F,Tier2
414,IT,1,8.289265283801994,8,2,0,75,0,50,0,85,50,M,Metro
415,Other,0,7.239826841556711,14,2,1,75,100,0,85,50,25,F,Metro
416,ECE,5,7.83926617689024,0,2,1,0,90,0,50,0,90,M,Tier1
417,CSE,0,7.685721962872018,3,0,2,0,85,95,0,95,85,M,Tier1
418,IT,7,6.6191050080034906,2,2,0,90,90,0,0,75,75,F,Tier3
419,Other,1,7.354775661174708,1,1,2,90,0,50,50,0,50,M,Tier1
420,Civil,3,9.37337796418823,14,3,1,85,25,90,85,50,50,F,Tier2
421,Other,5,6.870030902002298,7,2,2,100,50,0,0,85,100,M,Tier1
422,IT,1,6.468313076978211,6,0,1,25,75,75,75,25,0,M,Tier2
423,IT,7,7.465032175683773,8,1,2,25,0,25,50,90,25,M,Tier1
424,Other,5,8.766182075510518,1,3,2,0,25,85,0,100,90,M,Tier2
425,CSE,2,8.037518804229903,13,3,0,50,100,100,100,50,90,F,Metro
426,Mechanical,0,8.383411895333856,13,2,2,0,50,0,75,95,0,M,Tier1
427,IT,7,6.6639319686113705,3,3,0,90,85,75,90,95,0,F,Metro
428,Other,2,8.166318675527025,13,2,0,85,50,100,0,95,50,F,Tier1
429,Other,1,7.132251382190158,14,2,0,0,0,95,0,0,95,F,Tier1
430,ECE,3,8.920061780841687,5,1,0,95,85,100,25,0,100,M,Metro
431,Mechanical,5,8.202545821037576,10,1,2,50,90,0,0,0,85,F,Tier3
432,Civil,0,6.6959969722135355,2,0,1,95,85,0,95,25,100,M,Metro
433,CSE,5,6.226158379454302,7,1,1,85,25,0,100,100,50,M,Tier2
434,Civil,1,6.149216232504615,2,1,1,85,90,90,90,95,0,M,Tier3
435,Mechanical,5,7.299929986775492,13,2,2,75,50,85,90,100,75,M,Metro
436,Mechanical,0,6.930478978290097,11,1,0,0,100,0,25,75,90,M,Tier2
437,Mechanical,1,8.261315432118778,12,2,1,95,95,75,50,0,85,F,Metro
438,Civil,5,7.747668422425164,12,2,2,75,100,0,25,95,0,M,Metro
439,Mechanical,3,6.931067473018833,1,1,0,90,50,90,95,75,50,M,Tier1
440,Other,7,6.522332222825616,12,0,1,0,0,100,0,25,25,F,Tier3
441,Civil,1,6.445199169406074,12,0,0,50,95,0,90,25,95,M,Metro
442,Mechanical,7,9.026311372491461,2,3,1,0,50,100,0,0,100,M,Tier1
443,Other,1,6.8521728894170355,10,3,1,100,75,95,0,85,0,M,Tier1
444,ECE,3,8.280987267688388,5,1,1,90,25,0,100,0,75,F,Tier3
445,Mechanical,7,8.837400747951932,1,0,0,90,75,50,0,0,0,M,Metro
446,Civil,2,8.149284589146577,7,2,2,0,90,0,95,100,95,M,Tier2
447,IT,0,9.00847831076431,0,3,0,95,0,75,0,90,50,M,Tier2
448,Mechanical,2,7.373378025349661,6,2,1,0,50,100,95,25,75,F,Tier2
449,IT,5,9.346777667271319,1,3,0,95,0,0,85,90,95,F,Tier3
450,Other,3,6.466007514623339,9,1,2,0,0,95,100,0,95,F,Tier2
451,ECE,2,6.357523353801383,11,0,0,100,85,75,0,50,90,M,Metro
452,CSE,1,8.305422511726052,5,3,2,95,100,85,100,95,95,M,Tier1
453,ECE,5,9.299908994946417,11,0,2,25,100,50,50,0,25,M,Tier1
454,Mechanical,5,8.831092115727149,1,2,0,95,100,95,95,25,75,M,Tier1
455,IT,2,6.26745900803318,1,1,1,85,75,0,0,75,50,M,Tier1
456,IT,2,6.977786998771507,9,0,2,75,25,50,95,100,50,M,Tier1
457,Civil,3,9.256116096932383,12,1,0,50,50,100,50,90,25,M,Tier1
458,IT,0,6.885704514802746,7,0,2,95,0,75,95,0,0,F,Tier3
459,Civil,2,8.734096483254216,14,2,1,0,85,85,100,50,75,M,Metro
460,Other,2,8.887962685750463,14,2,0,0,90,25,75,85,95,F,Tier3
461,CSE,7,7.734082362113436,11,1,0,95,95,0,95,0,0,M,Tier1
462,Mechanical,1,7.352221184469104,1,2,0,0,90,90,85,85,85,M,Tier2
463,Civil,7,7.575435513469158,6,3,1,90,50,100,85,90,75,M,Tier2
464,CSE,7,6.794376430278774,2,0,2,95,0,25,90,90,0,M,Tier1
465,IT,5,9.112868206450955,7,2,0,90,100,0,85,95,0,M,Tier1
466,IT,0,7.577168798554153,6,3,2,25,95,85,95,75,25,M,Tier1
467,CSE,1,9.088608041596348,13,1,2,0,75,0,95,75,95,F,Tier1
468,IT,3,6.36992717967196,7,3,1,25,50,90,75,0,0,F,Tier3
469,Other,3,9.458963448500459,13,1,0,95,0,75,85,0,0,M,Tier2
470,Other,2,7.5514558060526635,6,1,2,0,75,85,0,25,0,F,Metro
471,CSE,2,6.167407871379369,10,0,0,0,0,50,95,25,0,F,Metro
472,Civil,3,6.133076468831092,5,0,0,100,100,95,0,90,100,F,Tier1
473,Civil,2,8.611725401186435,12,3,1,90,75,50,0,0,90,F,Metro
474,CSE,0,8.306624369712882,6,0,0,75,25,50,0,100,0,M,Tier2
475,Civil,7,8.807456953446556,4,0,0,90,0,0,75,25,85,M,Metro
476,Civil,2,6.3687863688348205,6,0,2,85,90,0,50,25,90,M,Tier1
477,Other,5,6.124498034624419,0,3,1,50,25,0,0,0,0,M,Metro
478,Civil,2,7.780027513066525,0,2,0,95,95,90,95,0,0,M,Tier1
479,ECE,1,7.356583310189693,8,0,2,25,85,0,100,50,90,M,Tier2
480,Mechanical,0,7.616814278348345,13,0,1,75,0,85,25,75,0,F,Tier1
481,IT,1,9.47055943104596,4,3,1,0,25,50,25,95,85,F,Tier3
482,ECE,1,9.397624851847345,12,2,2,0,50,0,50,95,0,F,Tier3
483,Civil,5,9.298103863856175,4,0,2,0,0,85,90,95,75,F,Tier1
484,Other,0,8.743449368686859,2,1,2,100,95,95,100,0,95,F,Metro
485,CSE,0,7.241944760899116,4,3,2,85,50,0,25,95,0,M,Tier2
486,Civil,0,7.442458255919701,2,0,2,0,0,90,50,90,85,M,Tier3
487,Other,0,7.9236561530162355,8,0,0,0,0,95,25,0,75,M,Tier2
488,Mechanical,0,8.90687059741694,8,1,0,95,95,0,75,0,90,F,Metro
489,Civil,5,6.240494913813937,5,1,1,85,85,0,0,0,0,M,Tier3
490,CSE,2,7.485039100597108,14,3,0,0,0,85,90,75,0,F,Metro
491,Other,1,6.289161822107441,0,3,0,0,95,50,75,95,25,M,Tier2
492,Other,0,7.80130155300729,6,1,0,85,25,50,100,85,0,M,Tier3
493,Other,2,9.146152884021824,6,3,2,50,95,100,50,50,95,F,Metro
494,Mechanical,2,8.738697235973783,13,1,1,100,0,50,0,0,25,M,Tier3
495,Civil,1,6.797448461400885,9,0,1,75,100,25,100,0,75,M,Tier1
496,Mechanical,5,9.415967973595773,9,1,1,90,25,50,100,0,90,M,Tier3
497,IT,3,8.3357263931625,3,1,1,95,50,25,85,0,90,M,Metro
498,IT,3,6.03649694789091,7,2,0,0,0,75,0,0,50,F,Tier3
499,Civil,2,6.893947196398268,5,1,0,0,100,25,0,75,50,M,Metro
500,Mechanical,7,6.912496549719708,3,1,2,85,0,0,85,90,75,M,Tier2
501,CSE,7,6.24239007200051,3,2,1,75,85,95,50,0,100,M,Tier1
502,Other,1,9.359392813265751,1,3,0,85,100,0,0,100,85,F,Tier1
503,Other,3,7.673893531015733,13,2,0,90,0,95,25,95,100,M,Metro
504,Civil,2,9.135351090801587,1,0,2,75,90,100,25,100,85,F,Tier2
505,IT,5,7.127754262056199,11,2,2,0,0,75,100,50,25,F,Metro
506,IT,3,6.438317496514895,13,0,2,0,100,95,85,85,75,M,Tier1
507,Other,2,7.6601763846717486,3,3,0,85,75,95,95,90,85,F,Metro
508,Civil,2,6.39884822150011,4,2,0,0,85,0,0,0,50,F,Tier3
509,Mechanical,0,7.70105426042139,7,2,2,0,100,0,0,0,50,M,Metro
510,IT,5,9.221040134267927,14,3,1,25,0,0,0,0,0,M,Metro
511,Mechanical,0,7.822688496419745,5,0,2,0,75,0,85,50,85,F,Metro
512,IT,1,8.157749044132792,13,2,2,50,85,50,100,0,75,F,Tier1
513,IT,0,6.5482345294083295,14,0,2,100,75,0,75,0,0,M,Metro
514,ECE,0,6.153074690579893,3,2,2,0,25,95,25,95,25,M,Tier1
515,IT,3,6.3878278676293245,12,1,0,0,0,95,0,85,0,F,Tier3
516,CSE,7,8.09486051489528,10,2,1,0,95,0,0,75,0,F,Tier2
517,Civil,2,6.332540946473066,6,3,2,90,25,0,50,95,85,F,Tier1
518,Civil,5,7.31597511479459,7,3,1,75,85,50,0,85,100,M,Metro
519,Mechanical,0,7.925321791603546,1,0,1,85,85,0,85,50,25,F,Tier2
520,IT,5,7.360284795204464,11,2,1,75,0,75,0,95,90,M,Metro
521,CSE,7,6.572893305128555,6,0,2,75,0,85,0,75,95,M,Tier2
522,Mechanical,7,6.958269576299373,14,0,0,0,90,95,0,75,0,F,Metro
523,ECE,0,9.24911136497002,13,1,2,90,90,75,100,25,50,F,Tier1
524,Mechanical,1,8.365937964552245,1,1,1,85,85,0,0,0,25,M,Tier1
525,Mechanical,0,7.736167435379603,1,3,1,85,90,50,0,50,100,M,Tier3
526,IT,3,6.044502114954128,7,0,0,75,0,25,95,95,75,F,Metro
527,ECE,2,9.473453901713146,1,3,2,50,0,50,100,90,100,M,Tier1
528,Mechanical,1,8.350092272131251,14,2,1,100,85,90,90,90,25,F,Metro
529,CSE,0,7.109228670707307,10,0,0,90,90,90,50,50,90,F,Tier2
530,CSE,5,9.077440309992433,8,0,1,50,0,75,0,95,0,M,Tier3
531,Civil,1,6.904510671021363,11,2,0,95,100,0,50,0,50,F,Tier1
532,ECE,1,7.90405802713963,0,2,0,95,95,90,75,0,0,F,Tier1
533,ECE,0,8.226247673054388,14,3,2,0,25,90,0,0,75,F,Tier3
534,Civil,1,6.773721800088049,8,3,1,75,25,0,25,95,50,F,Tier1
535,Mechanical,5,9.424390475802085,14,2,2,85,0,25,95,75,90,F,Tier1
536,ECE,7,8.618671670926492,0,3,1,0,75,0,0,0,95,M,Tier1
537,CSE,1,7.952346289288744,9,2,2,85,0,25,50,90,90,M,Tier2
538,CSE,7,6.632081093613553,12,0,1,85,75,100,0,95,90,F,Metro
539,IT,5,6.188503724493091,9,0,2,0,0,85,25,95,0,M,Tier2
540,ECE,0,7.120209413823442,1,1,0,85,95,95,25,0,25,M,Tier1
541,Mechanical,2,8.63615567569691,5,0,1,0,0,90,75,0,25,F,Metro
542,Civil,1,6.942659544057088,5,2,1,50,85,95,100,85,50,F,Tier2
543,Civil,2,7.888446771734268,0,3,0,95,0,90,95,25,95,M,Tier1
544,Mechanical,5,8.547815118557601,6,1,2,85,85,0,0,0,95,F,Metro
545,Other,1,6.377803001262626,7,3,1,85,50,85,95,90,100,F,Tier2
546,IT,7,8.398543056405558,1,2,1,0,90,0,75,0,0,M,Tier3
547,Civil,3,6.321548106985157,7,0,2,90,25,0,85,0,90,F,Tier3
548,ECE,2,9.377954097444487,8,1,0,0,100,25,100,50,0,M,Tier3
549,IT,1,7.709379455227289,5,2,2,90,85,0,0,0,0,M,Tier3
550,ECE,2,6.5273663769845705,4,1,2,0,75,50,100,85,85,M,Metro
551,CSE,1,7.198342726117413,11,1,2,100,50,75,75,85,90,M,Tier1
552,IT,0,7.446957572533416,8,0,1,85,25,95,75,0,0,M,Tier2
553,Civil,7,8.653647538767881,12,2,0,0,85,100,0,85,0,F,Tier1
554,IT,2,8.601983251268132,11,3,0,25,50,90,0,75,85,F,Tier2
555,IT,3,8.141791768680658,10,1,2,75,50,0,0,100,95,M,Tier2
556,IT,3,6.370757493954725,8,1,1,95,0,0,100,95,90,F,Tier1
557,Other,5,6.530492800556858,0,3,2,50,0,0,0,95,90,M,Tier3
558,IT,1,6.328149222259448,10,2,1,95,50,85,50,0,95,M,Tier1
559,ECE,2,8.020104741506426,2,1,1,50,0,25,90,85,100,F,Tier1
560,CSE,5,9.069984545289914,8,1,1,100,0,100,0,50,0,M,Tier3
561,Mechanical,2,7.518301792891702,10,1,1,90,25,50,50,75,90,M,Tier1
562,IT,1,6.5629686088521115,1,2,0,0,25,85,90,0,0,F,Metro
563,Civil,3,7.953148138021385,11,2,1,85,25,0,100,85,90,M,Tier1
564,IT,0,8.841132759029986,3,3,1,25,25,100,50,75,85,F,Tier2
565,Civil,3,8.595992215295254,3,2,2,50,0,0,0,25,90,M,Tier2
566,ECE,5,9.085077728862576,1,2,2,75,85,85,0,0,0,M,Tier2
567,Civil,7,6.972657340371038,14,0,0,50,95,50,75,95,75,M,Tier2
568,Mechanical,0,6.678838535437212,2,3,2,0,50,0,50,25,85,M,Metro
569,CSE,5,9.079357700796786,12,1,1,95,25,0,25,0,50,M,Tier3
570,Civil,1,8.30146109472308,2,2,2,0,0,95,25,90,50,M,Tier3
571,Civil,0,7.08825125502644,0,1,0,95,0,50,50,0,85,F,Metro
572,CSE,5,8.598218177003782,5,1,2,100,50,0,0,50,0,F,Metro
573,Mechanical,1,8.852914345681288,7,0,2,0,85,85,95,75,75,M,Tier3
574,IT,3,8.152423841193963,11,2,0,95,100,95,0,90,85,M,Tier3
575,Civil,7,8.407594384579703,2,3,0,75,100,0,100,0,0,M,Tier3
576,CSE,1,7.313409665549332,4,2,1,95,95,100,0,0,0,F,Tier3
577,ECE,2,7.885434835700637,0,1,2,75,85,25,100,25,25,F,Tier1
578,CSE,1,7.834557097541568,9,3,1,75,50,0,95,50,90,M,Tier2
579,ECE,1,8.968167268957702,6,2,2,0,100,50,0,95,100,F,Tier1
580,Mechanical,7,8.93987393098764,9,1,2,90,100,85,100,85,75,M,Metro
581,IT,2,8.914381642714652,12,1,1,0,100,90,85,85,0,M,Tier2
582,CSE,5,6.03861064991863,0,0,2,85,75,0,25,90,100,M,Tier1
583,Other,5,8.62340919564111,11,0,2,50,0,85,75,50,50,M,Tier2
584,Civil,1,8.655367365388518,10,0,2,0,50,0,25,50,85,M,Tier1
585,Mechanical,2,8.374325879992996,8,1,0,0,90,85,100,0,75,M,Tier1
586,CSE,2,8.646926302620084,7,2,1,90,0,90,85,95,95,F,Metro
587,Civil,7,8.94689630023848,6,0,0,0,0,0,0,75,90,M,Metro
588,CSE,3,7.6461166893562496,9,2,1,0,85,95,0,95,25,M,Metro
589,ECE,5,7.7571757472095655,14,0,1,0,50,0,0,0,50,M,Metro
590,CSE,7,6.436499199189867,6,3,2,25,50,75,0,50,85,M,Tier3
591,Other,0,7.348815590665766,4,3,1,90,0,0,75,0,90,M,Metro
592,CSE,5,8.251778129691246,4,0,0,0,95,0,95,100,50,M,Metro
593,CSE,7,8.731399216515461,10,1,0,0,0,75,90,50,95,M,Tier1
594,Other,5,6.760231841919237,12,0,0,25,50,0,85,90,100,M,Tier2
595,Mechanical,3,6.482380147057324,4,0,1,95,100,90,100,0,25,M,Metro
596,CSE,0,8.320647015751723,0,1,0,0,95,50,90,90,25,M,Tier2
597,Other,3,6.006579592337188,7,3,1,0,25,0,75,25,90,F,Tier2
598,Civil,0,6.624304045075655,11,2,0,95,90,25,95,100,0,F,Metro
599,ECE,1,6.101749831203838,10,0,0,0,75,95,0,100,90,M,Metro
600,ECE,7,6.584097912492048,0,1,1,0,0,25,100,0,50,M,Tier3
601,CSE,0,6.634617479739268,3,0,0,85,25,100,100,50,0,M,Tier2
602,Mechanical,3,7.35685758162638,14,1,2,0,0,100,95,0,25,M,Tier2
603,Mechanical,5,7.408144936402946,8,2,1,95,0,90,25,85,0,M,Metro
604,Civil,0,9.059918647135833,13,2,1,75,90,50,85,90,25,M,Tier1
605,CSE,7,7.785383993745889,8,3,1,0,0,100,95,0,90,M,Tier1
606,ECE,0,8.531916679643002,4,1,2,95,0,0,0,0,50,F,Metro
607,Mechanical,2,6.364480752721006,3,1,1,0,25,85,0,85,0,M,Tier1
608,CSE,5,6.7890356441229285,2,3,0,100,100,0,95,25,85,M,Tier2
609,Mechanical,7,8.460302043425369,2,3,0,0,100,100,0,0,0,M,Tier1
610,Other,7,6.1848138616398485,11,1,0,0,75,90,95,90,95,F,Tier2
611,Mechanical,1,7.703091817853136,4,3,1,0,95,0,50,0,0,F,Tier2
612,ECE,3,8.097791379820269,9,2,0,90,0,0,75,85,0,M,Tier1
613,IT,1,8.107509754183685,0,0,1,85,85,50,0,0,75,F,Tier2
614,Civil,7,6.080264839438147,4,2,0,0,100,0,90,0,100,M,Metro
615,Civil,5,7.127378014802149,5,3,2,0,50,25,95,75,75,F,Tier2
616,ECE,0,8.227717278672039,6,1,2,95,90,0,0,90,75,F,Metro
617,Mechanical,0,6.521499076522352,11,1,2,75,85,95,75,0,0,M,Metro
618,CSE,5,8.433954769148187,8,2,2,50,25,75,75,100,50,F,Tier2
619,Mechanical,7,8.610738230847861,2,1,1,100,25,90,90,95,75,M,Tier1
620,ECE,0,9.436892166561508,14,3,0,75,75,25,100,0,90,M,Tier3
621,Civil,0,6.734446981997433,1,2,2,95,75,95,50,0,0,M,Tier1
622,Mechanical,0,8.887957336831404,13,1,1,85,95,0,95,25,50,F,Metro
623,Civil,3,7.821038019215289,2,0,2,100,50,95,0,0,0,M,Tier1
624,CSE,3,7.307119086504607,11,0,2,100,90,50,95,95,0,M,Tier1
625,Civil,2,6.428318650638123,8,3,1,95,50,75,100,0,90,F,Tier1
626,Civil,1,8.574269622706382,11,1,1,25,0,0,85,100,85,M,Tier2
627,IT,5,6.825501597002905,6,3,0,0,75,25,25,25,100,M,Tier2
628,IT,5,7.29997700655566,8,2,0,90,95,75,0,0,85,M,Tier3
629,Other,5,6.21889779414079,12,0,2,25,0,85,100,25,50,M,Tier3
630,IT,2,8.804784205368318,1,2,2,95,0,0,75,0,95,M,Metro
631,Civil,3,8.683059833900751,4,1,0,25,0,85,0,50,50,M,Tier2
632,ECE,7,8.567655405148093,12,3,0,90,0,0,0,50,0,F,Tier1
633,Civil,7,7.048052286721603,3,3,1,95,100,50,0,85,0,F,Tier2
634,ECE,2,6.607180259930851,14,3,0,95,50,75,95,90,25,M,Tier1
635,ECE,7,8.231436425645803,1,2,0,100,0,0,0,25,50,M,Tier3
636,IT,5,7.736582344396268,8,0,2,25,95,100,0,85,0,M,Tier2
637,Mechanical,1,6.623883634166246,8,2,0,0,90,95,25,25,85,F,Tier3
638,CSE,0,8.400689448674523,5,2,2,0,0,100,0,0,50,M,Tier2
639,IT,3,9.468942511374562,10,1,0,95,95,75,0,75,50,M,Tier3
640,IT,3,8.615268557097131,5,1,1,25,75,85,75,25,75,F,Tier2
641,Mechanical,2,8.589952353399642,7,1,0,50,85,100,100,0,85,M,Tier1
642,CSE,3,9.326094635257071,5,0,0,85,25,90,90,95,100,M,Metro
643,Civil,5,6.710277286512158,0,0,0,50,25,100,100,50,100,F,Tier1
644,Other,7,7.979424877225041,3,1,2,25,0,0,100,85,90,F,Metro
645,Other,5,9.428763502618592,12,1,1,0,50,90,0,75,95,M,Tier1
646,Civil,2,6.57852938839561,6,0,0,0,90,25,95,100,25,F,Tier1
647,IT,5,8.450881858055823,12,3,2,25,85,100,0,50,50,M,Tier1
648,CSE,7,8.050335510901657,12,0,1,100,85,90,90,85,50,F,Tier3
649,IT,1,8.052676822660475,1,0,2,100,75,75,90,75,90,M,Tier3
650,ECE,2,8.441847196320262,8,0,2,95,0,95,0,100,95,F,Metro
651,IT,1,9.253659230064894,7,1,1,90,50,25,0,0,85,F,Tier1
652,IT,0,8.739036789479684,7,3,0,0,0,0,75,0,50,F,Tier1
653,Civil,1,6.196476361956735,6,0,2,95,85,0,0,0,0,F,Tier1
654,Civil,0,8.98454806956499,3,1,2,50,95,50,25,0,0,M,Tier2
655,Civil,0,6.7893946547400645,1,2,0,0,0,100,0,0,95,M,Tier1
656,Other,1,7.319199576577302,2,2,0,50,0,95,0,90,50,M,Tier1
657,ECE,2,7.6160648476433375,11,0,1,100,0,0,95,75,95,F,Tier3
658,Civil,7,7.683171002635744,5,2,1,25,0,90,50,0,100,F,Tier2
659,CSE,5,7.523131397393749,11,3,1,90,90,25,50,90,25,M,Metro
660,Other,5,9.280736529755526,11,2,0,50,85,75,25,75,50,F,Tier2
661,Mechanical,7,8.471066526824085,4,2,2,100,75,100,0,85,25,F,Tier1
662,CSE,0,8.209097260848473,11,3,2,90,100,75,50,0,0,F,Metro
663,CSE,0,6.174447097240296,7,0,1,95,100,0,25,85,0,F,Metro
664,Civil,2,9.16369665591131,5,0,0,25,25,50,90,0,90,M,Tier1
665,Mechanical,3,9.182865672029386,5,3,2,85,95,0,25,90,25,M,Tier1
666,Mechanical,1,8.73074572200536,0,3,1,0,0,0,90,75,50,M,Metro
667,Other,0,6.024602213347667,3,3,2,75,0,85,75,25,75,M,Tier2
668,Mechanical,5,6.200480878771682,4,2,2,90,25,25,50,90,90,F,Tier2
669,ECE,2,6.788282957939714,11,3,0,85,0,85,25,95,90,F,Metro
670,Civil,1,6.459722928507174,10,1,0,85,0,0,25,100,85,F,Metro
671,Mechanical,2,7.395926103963053,2,2,2,90,50,50,25,0,25,F,Tier2
672,Other,1,9.229180703307264,12,0,1,85,85,50,95,75,75,M,Metro
673,ECE,1,7.652211519689494,8,0,0,50,0,0,25,50,25,M,Tier3
674,IT,7,6.0469091925125795,0,0,2,85,50,100,95,50,85,M,Tier2
675,IT,0,6.989609913525667,5,2,0,100,75,0,100,100,0,M,Tier1
676,ECE,2,6.156082179305366,5,1,0,0,85,25,75,0,50,M,Metro
677,Other,2,6.127006679147257,9,3,0,50,0,25,100,90,100,M,Metro
678,ECE,7,6.965019485834433,4,3,2,85,85,25,85,90,100,M,Metro
679,Civil,5,6.964643185376309,11,0,1,95,25,75,100,50,25,M,Metro
680,Civil,5,8.754943109105614,14,0,1,0,90,0,0,90,85,F,Tier2
681,IT,0,9.411921284733891,4,2,1,25,25,75,90,100,95,M,Metro
682,Mechanical,0,7.299224828614994,9,1,0,85,75,85,0,90,50,M,Tier1
683,Other,3,7.501104076013635,13,3,2,0,95,100,0,0,25,M,Tier1
684,IT,7,8.956763027001076,12,2,0,0,50,0,100,0,95,F,Metro
685,Mechanical,5,6.938486570334296,4,3,1,95,25,90,50,95,50,M,Metro
686,Mechanical,1,6.547336315412068,5,0,1,100,90,0,0,0,95,M,Metro
687,Civil,2,8.985813681912777,7,3,2,85,95,90,100,95,90,F,Metro
688,CSE,0,6.162752052540229,1,1,0,100,25,50,75,25,25,M,Tier2
689,CSE,2,8.168948040697956,5,1,1,85,0,0,100,0,85,F,Tier1
690,ECE,2,7.966974966133824,0,0,2,75,90,85,95,100,50,M,Tier2
691,Civil,3,7.21072156625593,3,1,0,0,50,0,0,0,100,M,Tier1
692,Mechanical,5,7.103163323840756,13,1,0,100,0,75,25,25,25,M,Tier1
693,Other,0,8.701502041635674,9,2,1,0,100,100,0,95,50,F,Tier1
694,CSE,2,6.302486137668913,2,3,1,0,95,0,0,95,50,M,Tier2
695,Mechanical,0,6.828745082589849,8,0,0,75,0,95,90,25,95,M,Metro
696,CSE,1,8.563570561433314,2,0,0,25,0,0,0,95,95,M,Metro
697,CSE,3,7.919122043042485,14,0,1,50,0,0,0,75,75,M,Tier1
698,CSE,1,6.447958729867552,5,0,0,0,90,50,90,0,25,M,Tier1
699,Other,0,9.087474649987211,0,0,1,75,0,85,25,100,0,F,Tier1
700,Civil,0,7.377067462972571,11,1,0,0,85,90,0,75,0,F,Tier2
701,Other,5,8.897539313627604,5,2,1,90,0,85,25,95,0,M,Tier1
702,IT,2,8.75699555434698,3,0,2,95,0,95,50,0,50,M,Tier2
703,Mechanical,2,8.185489062651047,7,2,1,25,95,50,0,75,75,F,Tier1
704,Civil,1,7.730683959532826,12,2,1,95,90,100,0,0,50,M,Tier2
705,Civil,3,9.42842794133615,10,1,2,85,0,0,0,25,0,M,Tier2
706,Civil,7,6.50737775332936,8,0,0,0,75,75,75,90,50,M,Tier1
707,Civil,2,8.538045046428902,3,1,2,85,0,50,0,85,95,F,Tier2
708,Other,5,6.669167455126761,9,0,1,0,25,25,0,95,25,F,Tier3
709,Civil,1,7.183920868663219,11,1,0,0,0,0,85,85,100,F,Tier1
710,ECE,1,7.080445601806184,9,2,2,75,50,85,0,0,0,M,Tier1
711,Mechanical,7,9.31462595708553,5,0,0,25,0,50,85,0,0,M,Tier2
712,Civil,5,9.385746622258964,0,3,0,85,0,25,25,75,0,F,Tier1
713,Mechanical,3,6.640554054821545,3,2,2,0,100,90,100,85,95,M,Metro
714,ECE,5,6.077123061041265,6,3,0,0,85,95,75,0,25,F,Tier3
715,ECE,3,8.520028138820896,11,2,2,95,75,95,90,95,0,F,Metro
716,Mechanical,5,7.462964768546695,14,1,1,75,0,0,95,85,0,M,Tier2
717,CSE,5,6.310940857806475,0,0,0,90,0,0,75,75,85,F,Tier2
718,IT,0,8.393139369519648,7,2,1,0,85,50,95,75,85,M,Tier3
719,CSE,1,7.907869348912449,11,1,1,90,0,50,25,0,0,F,Metro
720,CSE,5,9.43180887700387,9,0,0,0,0,100,75,50,95,M,Tier1
721,Other,7,6.795933235514826,11,0,2,25,90,0,90,100,95,M,Tier1
722,CSE,5,7.413922567142919,10,2,0,0,75,0,95,0,50,F,Tier1
723,Civil,2,7.898910311883981,5,0,1,100,0,90,0,85,0,F,Metro
724,Other,1,8.77094995958673,4,2,1,0,85,0,0,100,0,M,Tier1
725,Other,2,7.920935298520206,9,0,2,85,25,0,75,0,0,M,Tier1
726,ECE,1,8.145150563016822,10,3,0,100,0,0,25,50,75,M,Metro
727,CSE,2,6.791514680564792,14,1,1,0,75,0,0,85,25,M,Tier2
728,ECE,5,8.964215548309959,13,3,1,25,95,75,90,0,90,M,Tier2
729,Mechanical,5,7.500206914396665,8,2,1,95,95,75,95,100,50,M,Tier2
730,IT,0,6.493358696326192,1,3,2,75,90,0,95,0,0,M,Tier3
731,Other,7,8.324657700768961,4,2,1,90,0,25,0,75,95,M,Tier1
732,Mechanical,2,6.756316586148577,5,0,1,0,0,0,95,90,0,M,Tier3
733,Mechanical,3,6.341468785837549,6,0,0,85,0,0,85,25,75,M,Tier3
734,Civil,0,9.016954179414952,4,2,0,75,50,85,50,95,0,M,Metro
735,IT,2,7.610567925709539,8,3,1,95,25,0,85,90,0,F,Metro
736,Mechanical,2,8.622492994435218,0,0,1,85,85,85,95,85,100,M,Tier1
737,Mechanical,0,7.017056459322243,6,1,0,0,25,0,90,85,50,F,Tier1
738,IT,5,8.754395472211833,9,0,2,90,95,75,75,0,100,F,Tier1
739,IT,2,6.391775744575356,6,1,2,100,0,0,25,75,85,F,Tier1
740,Mechanical,5,7.245906808281985,3,3,2,0,75,90,0,50,100,F,Tier2
741,IT,0,9.42321636290735,8,1,2,0,85,75,75,0,90,F,Tier1
742,Mechanical,5,8.778964007288021,13,1,2,0,25,0,0,0,95,M,Metro
743,Mechanical,1,7.7403957561014085,11,1,2,75,75,90,75,0,75,M,Tier3
744,Civil,3,7.189221150466597,10,1,2,0,85,50,75,25,95,F,Tier1
745,CSE,2,9.052474950078668,4,0,2,100,25,90,25,100,90,M,Tier3
746,Mechanical,7,7.906967156795805,3,1,0,50,90,90,0,0,95,F,Metro
747,ECE,3,8.654487562541888,12,0,2,75,95,75,95,25,100,M,Tier3
748,Other,5,8.639376881106575,6,1,2,90,0,0,0,95,25,F,Metro
749,CSE,2,6.062809874989721,3,2,2,85,85,90,0,0,95,M,Metro
750,CSE,5,6.441888239774147,14,3,1,90,95,75,100,75,85,M,Metro
751,CSE,1,8.308702782381598,2,1,0,0,100,75,0,75,50,M,Tier2
752,Civil,0,6.56566933950055,8,2,0,25,50,90,85,85,50,F,Tier3
753,Mechanical,2,6.894226706294616,10,1,0,75,0,0,0,95,0,F,Tier1
754,Civil,1,9.313232839698625,7,1,2,85,100,0,95,85,0,M,Tier3
755,Mechanical,1,7.9606379043121915,0,1,2,95,75,95,0,0,100,F,Tier1
756,Civil,2,8.627553274497714,6,2,1,0,85,90,50,90,0,M,Tier2
757,Civil,5,7.952932585739239,8,3,0,90,0,85,85,50,90,M,Tier2
758,Other,7,7.933797651739538,7,2,2,90,0,85,0,95,75,M,Metro
759,ECE,1,6.329531685439942,7,3,0,75,100,50,95,100,100,M,Tier1
760,Civil,3,7.202821174131861,12,1,1,25,100,0,90,50,50,M,Tier3
761,Other,1,6.9885081454027915,5,0,1,0,0,75,0,50,0,M,Tier3
762,IT,7,7.367549279647646,10,1,1,0,25,100,50,0,95,F,Tier3
763,ECE,5,8.794204658785148,3,3,0,75,85,0,85,0,0,F,Tier3
764,Civil,5,7.301764337709027,7,2,2,90,95,25,25,100,0,M,Metro
765,CSE,3,7.5809388673108895,2,1,2,85,0,100,50,95,0,M,Tier2
766,IT,1,7.390834866698608,12,2,1,0,85,0,0,85,25,M,Tier1
767,IT,5,6.3269279019135345,8,2,2,75,85,0,95,0,0,M,Tier3
768,Other,7,7.543752553877743,12,2,1,85,85,90,100,0,95,M,Tier1
769,IT,2,6.6846324556558026,1,1,0,85,0,90,95,0,100,M,Tier1
770,ECE,0,6.653531535205645,1,2,1,95,75,100,85,0,85,F,Tier1
771,Civil,0,6.329126365519932,11,2,0,100,0,75,100,95,90,F,Tier1
772,Civil,0,7.2483484094961765,12,1,1,50,75,50,0,90,0,M,Metro
773,CSE,1,8.651186596762962,14,2,2,0,100,90,85,50,75,M,Tier3
774,Other,3,6.967545917041886,11,1,2,0,0,25,85,0,100,M,Tier2
775,CSE,5,7.093221856599298,6,3,1,25,0,25,50,0,75,F,Metro
776,IT,2,8.249361301853483,11,3,2,50,75,50,95,85,0,M,Tier2
777,CSE,7,6.685442844054216,9,3,2,95,0,0,0,0,75,M,Tier2
778,ECE,2,9.13935275648237,3,2,2,0,50,0,25,0,0,F,Tier1
779,Civil,7,7.820666831380441,9,0,0,0,0,0,0,0,0,M,Metro
780,IT,1,7.566610291120759,7,0,2,50,0,90,75,85,0,M,Tier3
781,CSE,0,7.952370671752205,8,2,0,0,0,85,25,85,100,M,Tier2
782,Other,1,6.581120096956684,6,0,1,25,75,100,0,100,100,M,Tier1
783,ECE,3,8.147155985237116,4,1,2,0,75,95,0,75,90,M,Tier2
784,ECE,3,7.270852578219037,7,0,2,25,100,50,0,50,50,M,Metro
785,CSE,7,9.140152193376167,3,2,2,0,0,0,95,0,25,M,Tier1
786,Civil,5,6.5909897233719015,1,2,1,90,0,85,90,0,95,M,Metro
787,CSE,5,7.774678863529044,10,1,0,25,0,90,85,95,95,F,Metro
788,IT,7,8.093394202791563,14,3,0,85,85,85,25,25,0,M,Tier2
789,CSE,3,6.116842606252335,11,2,2,0,90,85,0,95,0,M,Tier3
790,ECE,3,7.272925936646491,5,1,1,0,0,50,90,25,90,F,Tier1
791,CSE,3,8.564223321452914,8,0,1,75,25,0,25,0,50,F,Metro
792,Civil,1,8.871321276071406,0,0,1,0,100,75,0,25,85,F,Tier2
793,Other,3,7.0960669818604885,10,1,1,75,85,25,95,75,0,M,Tier3
794,Mechanical,2,8.795076453339629,9,1,1,0,90,100,100,75,100,M,Tier2
795,CSE,0,9.387145569861861,11,2,0,25,0,0,25,50,50,F,Tier3
796,Civil,3,8.99905877626283,6,0,0,85,25,95,25,0,0,F,Tier1
797,Civil,7,6.411753958557638,9,1,0,90,75,85,95,0,100,M,Tier2
798,Other,0,8.589056162299393,8,0,2,0,0,75,0,50,0,F,Metro
799,ECE,1,7.1188339135419065,9,1,1,95,50,50,50,75,0,M,Tier1
800,Civil,7,9.459455962942268,8,0,2,0,100,0,25,0,95,F,Tier1
801,Civil,0,7.698756441059605,9,3,1,90,95,100,95,95,25,F,Tier1
802,Civil,7,6.428518644256293,10,2,0,90,0,100,50,0,25,F,Tier3
803,Civil,1,8.538149418095868,12,0,2,25,50,25,95,100,85,F,Tier3
804,IT,2,7.130539194351749,2,3,0,0,90,0,95,0,100,F,Metro
805,IT,1,9.489773549785816,10,0,1,0,75,90,0,0,100,M,Metro
806,ECE,1,9.429238602490827,12,0,1,0,25,0,95,90,0,M,Tier1
807,CSE,7,8.296469063072033,4,3,1,95,90,85,0,0,0,M,Metro
808,Civil,5,6.454392571331011,7,0,0,0,0,85,25,75,0,M,Tier2
809,Other,3,8.404013491862601,7,0,1,0,0,85,0,0,75,F,Tier3
810,CSE,3,6.325606702610095,3,2,0,75,25,85,0,85,0,M,Tier3
811,Other,2,6.102774556858373,14,3,2,85,95,0,0,25,50,M,Tier2
812,CSE,2,8.880354561775201,14,3,1,85,50,100,95,95,25,M,Tier2
813,ECE,3,6.734135316892885,11,1,1,95,90,0,90,100,0,F,Tier1
814,Civil,5,7.326594941766841,10,0,1,75,75,100,50,95,90,M,Metro
815,Civil,3,9.407100864916606,10,2,2,90,0,95,50,85,100,M,Tier1
816,Mechanical,5,7.178941756513861,0,0,1,75,90,0,95,90,0,M,Tier1
817,Other,2,7.037714234491603,0,0,0,0,95,0,0,0,75,F,Tier2
818,CSE,0,9.213727998679714,14,1,0,0,90,95,0,50,85,M,Metro
819,CSE,7,6.387619558616353,3,0,1,50,25,100,85,0,85,F,Tier1
820,IT,2,8.658538435401212,5,2,1,95,75,95,95,100,0,M,Tier1
821,Mechanical,2,9.45822948328471,7,2,2,90,0,25,75,85,0,M,Tier3
822,IT,1,9.15453603771127,5,1,2,25,25,95,0,90,100,F,Tier1
823,IT,1,8.28083771547249,11,0,2,50,90,0,0,95,100,M,Tier2
824,IT,1,7.099212782474562,8,2,1,50,0,85,0,85,25,M,Tier2
825,Other,7,6.890126934124108,14,0,2,75,0,85,0,100,85,M,Metro
826,Other,1,8.867392867050114,14,0,2,0,0,90,100,100,0,M,Tier1
827,ECE,5,9.079376698830934,8,0,0,50,95,100,100,90,0,M,Tier3
828,ECE,3,7.8390221939099245,13,1,2,0,0,25,95,95,85,M,Tier1
829,IT,0,6.855189792752632,1,0,0,100,95,0,100,75,85,M,Tier3
830,Mechanical,2,6.395301229439108,9,2,0,0,25,0,90,100,100,M,Metro
831,CSE,5,6.305128137411409,0,0,2,0,0,50,85,0,0,F,Metro
832,Other,0,8.516771065738494,1,2,0,100,25,0,0,0,0,F,Tier3
833,Mechanical,5,7.470415547467038,4,0,1,85,100,100,90,25,0,M,Tier2
834,Civil,5,9.168759559972546,3,2,1,0,75,0,0,95,50,M,Tier3
835,Other,2,8.588849552543673,3,2,2,25,85,75,0,85,85,M,Tier2
836,Other,3,6.669411462701054,8,0,1,50,0,0,100,0,25,M,Tier3
837,ECE,1,8.148220965854946,10,0,0,85,0,50,0,90,0,M,Tier2
838,CSE,7,7.524269090393558,7,2,1,0,100,95,85,85,75,M,Tier2
839,CSE,3,8.020374057690146,5,3,2,75,90,0,0,95,0,M,Tier1
840,Civil,7,8.58324193168481,0,1,2,0,50,0,90,90,0,M,Tier1
841,Civil,2,8.821685583513268,1,3,0,85,25,75,85,0,25,M,Tier3
842,Other,2,8.953080642423535,5,3,2,95,85,75,25,0,75,F,Tier1
843,IT,2,6.888912061002086,10,0,1,50,85,90,50,0,75,M,Tier1
844,ECE,0,6.108904599710752,1,1,2,50,95,0,100,0,85,F,Tier1
845,ECE,7,8.587531573076706,14,3,0,25,95,95,0,25,50,F,Tier1
846,Other,3,6.372203041895211,12,0,2,0,50,0,25,75,85,M,Tier1
847,Mechanical,3,7.102218560145387,9,3,1,95,90,0,0,25,0,M,Metro
848,IT,5,6.013359969435215,4,3,0,50,100,100,0,95,0,M,Tier3
849,Other,5,8.38584318840567,13,0,1,90,0,0,100,25,100,M,Tier1
850,IT,5,6.584962040149274,4,0,0,95,95,85,0,75,90,M,Tier1
851,IT,2,8.293488433920803,5,0,2,50,90,90,85,75,0,F,Metro
852,IT,3,9.471099160087435,5,1,0,100,75,50,85,100,0,M,Metro
853,Other,7,6.254348050635057,13,3,0,95,0,75,25,100,100,M,Metro
854,ECE,2,6.2697730418301125,5,0,2,0,0,0,0,0,75,F,Tier2
855,ECE,0,7.191330324333363,13,2,1,95,90,75,0,90,0,F,Metro
856,IT,5,9.032352799879696,1,3,2,25,50,90,90,0,100,M,Tier3
857,Mechanical,2,6.754354540769661,13,2,0,75,100,0,90,75,0,F,Metro
858,CSE,2,7.261322369756217,9,1,2,75,85,0,75,0,85,M,Metro
859,Other,0,6.239768923194428,13,0,0,75,50,25,100,0,90,M,Metro
860,CSE,1,8.671043519406112,12,2,2,0,90,0,95,50,25,M,Metro
861,Mechanical,3,7.429072199658079,14,1,2,85,100,90,95,0,0,M,Tier2
862,Other,7,8.65737056571295,13,0,1,75,100,50,25,95,0,F,Tier3
863,IT,1,9.162627455213784,2,2,0,0,25,0,0,85,95,M,Tier2
864,ECE,5,6.814671014854511,13,2,1,0,0,90,0,0,100,M,Metro
865,CSE,2,8.825886106189829,5,1,0,85,0,95,100,25,75,M,Metro
866,Civil,0,6.206828615273887,12,0,2,0,90,100,50,75,75,M,Tier1
867,Civil,0,9.145965858630866,7,0,0,0,85,0,0,0,95,M,Tier3
868,Mechanical,3,8.277689916455616,11,2,1,0,0,95,75,85,0,M,Metro
869,IT,1,9.05979353448423,12,2,1,90,75,90,85,75,75,F,Tier2
870,CSE,3,6.000659398448037,10,2,1,25,95,85,0,95,50,M,Tier1
871,IT,2,6.591783746245974,11,0,0,25,25,0,75,50,75,M,Metro
872,CSE,3,7.3641578559927225,0,1,1,0,95,0,90,25,90,M,Tier1
873,Mechanical,7,7.3282601618115155,0,1,1,0,0,85,50,0,50,M,Metro
874,Mechanical,0,6.793556340232287,10,0,1,100,0,50,85,100,0,M,Tier2
875,Civil,0,7.335641789535201,12,3,2,95,95,75,100,0,0,F,Metro
876,IT,5,6.4509704920008915,1,1,2,85,85,25,75,0,100,F,Tier2
877,Other,5,7.444663952431091,10,2,0,25,85,0,25,0,50,M,Metro
878,Civil,2,8.808240152057424,14,3,0,75,0,95,85,85,0,M,Tier3
879,IT,7,7.676745220861729,11,3,1,0,75,0,100,85,100,F,Metro
880,Civil,1,6.063000311308253,11,1,2,85,85,85,95,0,0,M,Tier3
881,Other,3,7.475054145527366,5,3,1,0,75,90,100,0,90,M,Tier2
882,ECE,2,6.095112556317955,8,3,1,100,75,0,100,90,85,M,Tier3
883,ECE,5,9.381851937473794,3,1,2,90,0,75,85,95,0,F,Tier1
884,ECE,3,6.446088857980041,2,1,2,90,75,90,50,85,50,M,Tier2
885,ECE,5,8.476909142157165,11,3,2,0,25,85,85,85,95,F,Tier1
886,CSE,3,9.4047171301223,7,2,0,90,95,0,0,90,25,F,Metro
887,ECE,1,8.891136680833002,10,0,0,0,0,0,0,75,0,M,Tier1
888,Other,2,8.447603812941713,9,3,1,75,90,75,50,0,90,F,Metro
889,Mechanical,3,8.938113183252684,13,3,0,0,50,90,25,0,50,F,Tier3
890,Mechanical,7,9.436295426412197,8,2,2,50,0,75,50,85,0,M,Metro
891,CSE,0,8.174705740387353,11,3,2,85,25,50,90,0,0,M,Tier1
892,ECE,7,7.957146823902643,10,3,0,100,0,90,25,0,0,M,Tier2
893,ECE,7,8.198833386621484,4,0,1,0,75,0,95,95,95,M,Tier1
894,ECE,0,7.864365603665442,8,0,1,0,0,0,85,100,0,M,Tier2
895,Civil,7,8.222811870684016,1,0,0,85,50,0,100,85,25,M,Metro
896,IT,3,7.574447727903957,2,1,1,75,85,25,85,25,90,M,Tier1
897,Civil,3,6.764551140091575,6,1,1,0,0,75,90,75,90,F,Metro
898,IT,3,6.4208652927908645,6,0,1,100,75,95,75,0,100,M,Tier3
899,ECE,0,6.239193274362911,5,0,2,0,75,0,90,85,90,M,Tier2
900,ECE,7,6.9216052431362005,5,1,2,100,50,0,0,75,100,M,Tier3
901,Civil,0,6.161432475175069,1,2,0,25,50,50,100,25,90,M,Metro
902,Civil,3,7.985097729717849,9,3,2,0,0,100,100,85,25,M,Metro
903,IT,7,6.993399564582321,5,3,1,85,100,50,0,0,90,M,Metro
904,Mechanical,7,8.885871828304612,3,0,2,90,100,50,75,0,95,M,Metro
905,IT,5,6.259843055459353,11,2,0,0,0,100,0,25,85,F,Metro
906,Civil,5,6.792230230195201,2,1,2,100,85,75,95,0,0,F,Tier2
907,Other,1,8.555861514815511,12,0,1,85,0,90,0,0,95,M,Metro
908,Civil,2,8.09582903734222,10,2,1,90,75,0,0,0,90,F,Tier1
909,Other,5,6.225719449372086,12,2,0,75,75,95,85,50,50,F,Tier3
910,CSE,0,9.070338100067701,1,2,2,75,0,0,0,90,0,M,Tier2
911,Civil,5,9.070416169891628,0,1,2,100,0,25,100,0,85,F,Tier1
912,CSE,1,7.1564280135652085,10,1,2,0,0,95,90,25,0,F,Tier1
913,Mechanical,7,7.191420451723476,10,3,1,25,95,90,75,25,0,M,Tier1
914,IT,1,9.461599254225609,4,3,0,0,50,100,85,50,95,M,Metro
915,Other,7,8.191616600575983,1,2,2,25,85,95,85,85,25,M,Tier2
916,IT,7,7.859607821988207,1,2,1,0,50,0,75,90,25,M,Tier1
917,CSE,2,8.933532642431736,6,1,1,50,85,95,100,75,0,F,Tier3
918,Other,5,6.998516184250607,7,3,1,100,25,0,95,0,50,M,Tier2
919,IT,0,7.502139076887249,12,2,2,95,90,100,95,85,0,F,Tier2
920,Civil,0,6.937218364209169,9,3,2,100,100,95,85,0,95,F,Tier1
921,ECE,3,8.76206296306056,7,3,2,0,100,0,95,75,0,F,Metro
922,CSE,7,8.006722709723263,13,2,2,90,85,0,100,90,0,F,Tier2
923,IT,0,8.305887745490246,3,1,2,0,100,95,0,85,50,M,Tier1
924,CSE,2,6.883075374437923,14,2,2,75,50,75,0,100,75,M,Metro
925,CSE,7,6.770788554820603,13,2,2,25,75,25,0,75,0,F,Metro
926,Other,2,7.709311201440285,0,3,2,90,50,85,50,95,75,M,Metro
927,Other,0,8.581480121824894,10,2,2,75,85,50,25,95,100,M,Tier2
928,ECE,0,7.838339151320561,6,1,1,90,0,100,0,0,0,F,Metro
929,Civil,3,6.11425987140984,0,2,2,0,50,85,95,0,25,F,Tier1
930,CSE,0,9.03993027212101,10,1,0,75,100,90,0,0,75,M,Tier1
931,IT,7,6.226404127302961,3,1,1,0,0,90,90,90,90,F,Tier1
932,Mechanical,7,9.345385693022633,7,3,2,0,95,0,75,100,95,F,Tier3
933,CSE,7,6.087996853970455,1,0,0,90,75,90,50,85,75,M,Tier3
934,CSE,3,8.430576596457481,5,0,2,85,100,75,0,0,85,M,Tier1
935,ECE,3,6.287724722991236,12,3,0,0,0,25,25,0,50,F,Metro
936,Civil,0,9.187368028022988,5,2,0,75,85,90,0,25,95,M,Tier1
937,Mechanical,1,7.6255163267894,11,3,0,95,25,0,0,0,25,M,Tier2
938,Other,1,6.481333211859554,8,1,0,85,0,25,50,85,100,M,Tier1
939,Other,3,7.192854949264463,4,0,1,0,90,75,75,100,75,F,Tier2
940,IT,0,6.576886363713667,9,3,1,75,25,85,0,90,50,M,Metro
941,Mechanical,1,6.597036690449815,3,2,0,25,0,25,0,75,0,M,Tier2
942,Other,0,9.318379120600047,4,3,2,0,75,25,75,0,50,M,Metro
943,IT,0,7.558361392996758,11,0,0,95,100,85,25,75,50,F,Tier2
944,Civil,0,8.760807923668759,11,3,1,100,0,75,95,0,95,M,Tier1
945,IT,5,8.238619464121886,9,3,2,0,50,90,50,85,0,M,Tier2
946,Other,7,8.367492268184373,14,0,1,0,85,0,25,100,50,F,Metro
947,ECE,0,6.460927034652135,10,1,1,0,75,100,0,85,85,M,Tier1
948,ECE,5,6.8196455638542,4,1,2,85,0,85,75,25,75,F,Tier2
949,ECE,3,8.75362617304053,7,0,0,100,25,85,100,90,75,F,Metro
950,Other,1,9.39768172266174,9,3,0,0,0,85,0,25,85,F,Tier2
951,ECE,7,6.919364749095281,11,0,0,75,0,85,85,85,75,M,Tier2
952,Mechanical,1,6.95049067662864,7,1,0,85,0,100,0,25,50,F,Tier1
953,Civil,7,7.655139964838167,1,2,2,95,0,100,95,50,100,F,Tier1
954,IT,1,9.443441094994032,6,3,2,90,85,90,50,85,50,F,Tier1
955,IT,7,6.941356310392649,7,1,2,75,0,95,90,100,95,M,Tier1
956,Other,1,7.424401683719924,10,3,1,0,95,95,75,0,90,F,Tier1
957,ECE,1,9.120180054682274,5,0,2,90,75,0,100,100,100,M,Tier2
958,ECE,1,6.010223614174767,4,2,0,85,25,85,90,50,25,M,Tier1
959,CSE,1,6.139180877459993,10,0,1,0,0,85,0,0,25,M,Metro
960,Civil,3,8.114250869749267,8,2,0,95,0,25,0,50,100,F,Metro
961,Mechanical,0,9.175830576494965,12,3,0,0,0,95,50,0,50,M,Metro
962,IT,2,6.835998311406747,2,3,2,0,0,90,100,100,0,M,Tier1
963,CSE,5,7.6437462113824814,11,0,2,0,100,0,0,85,90,F,Tier2
964,CSE,2,7.576628555802364,12,2,0,0,50,0,90,0,85,M,Tier2
965,Other,2,7.655399711334286,12,2,0,25,95,0,100,95,50,F,Metro
966,IT,7,8.178818935054109,9,3,1,50,0,90,90,95,100,M,Tier3
967,Other,0,7.644103170467393,3,0,2,75,0,0,0,50,0,M,Tier1
968,Mechanical,7,7.5661384946286026,8,2,1,50,75,25,25,95,50,F,Tier3
969,CSE,0,7.660009471509412,5,3,1,0,100,100,100,100,0,F,Tier2
970,CSE,0,8.068036044448645,7,1,1,0,0,50,0,75,100,M,Tier2
971,Civil,1,7.879526209229754,6,0,0,0,25,95,25,50,50,F,Metro
972,Mechanical,3,8.989475991776764,10,1,1,50,75,85,25,0,0,M,Metro
973,CSE,1,6.173238987227833,1,0,1,50,50,90,100,90,75,M,Metro
974,Mechanical,3,8.916609750155544,2,3,0,75,0,95,95,25,100,M,Tier2
975,IT,7,8.953736144141034,0,2,2,90,75,85,0,100,25,M,Tier1
976,ECE,3,6.997178075358363,8,2,2,100,0,50,0,0,25,M,Tier2
977,CSE,7,7.619981842555477,12,2,1,0,0,50,95,75,90,M,Tier1
978,Civil,2,7.534884709881024,6,0,0,25,100,100,95,90,0,M,Tier2
979,IT,2,6.764784420239456,0,3,2,100,50,75,0,95,25,M,Metro
980,Mechanical,3,7.3887889648021075,2,1,1,0,100,50,75,75,0,M,Metro
981,Other,3,6.15535720259799,3,3,1,95,50,95,100,50,0,M,Tier1
982,IT,7,6.97237725473607,3,1,0,85,100,0,90,0,100,F,Tier1
983,CSE,1,8.858387614077513,4,0,1,85,75,0,0,0,0,F,Tier1
984,Mechanical,7,6.995968056170142,13,0,2,50,100,85,95,95,90,M,Tier2
985,ECE,1,8.863723340618867,2,1,0,85,90,85,0,0,75,F,Metro
986,IT,2,7.860598126115508,2,1,2,0,50,75,75,0,85,F,Tier1
987,CSE,0,9.07951937076406,0,1,2,25,0,0,0,0,0,M,Tier2
988,Civil,3,8.011728439925452,6,3,2,85,50,85,85,0,75,M,Metro
989,Other,1,6.10383878072659,10,1,1,0,0,50,0,25,90,F,Tier3
990,Mechanical,7,8.363970726414813,9,0,1,0,25,85,85,85,90,M,Tier3
991,IT,2,6.15698748808249,13,0,2,100,90,0,25,95,25,F,Metro
992,IT,1,7.577089566440969,0,2,2,0,85,75,95,0,75,F,Metro
993,ECE,7,9.252993430655899,1,1,0,0,50,90,50,25,50,F,Tier1
994,ECE,3,6.5782137876824756,12,3,0,50,0,0,0,95,95,F,Tier2
995,Civil,3,7.364553235295404,3,3,1,75,75,25,90,0,90,M,Tier1
996,Other,5,8.554511080969675,12,3,1,75,75,0,75,100,0,M,Tier2
997,Civil,0,9.087904946331967,3,2,0,95,100,0,0,0,85,F,Tier2
998,CSE,5,8.348300516598778,4,0,2,25,100,100,0,100,85,M,Metro
999,CSE,2,6.9036063896690925,10,3,1,0,75,90,90,90,0,F,Tier2
1000,Civil,1,8.361127485206756,1,0,2,75,95,85,100,95,0,F,Tier2
