student_id,job_id,good_match
1,91,1
1,42,0
1,59,1
1,103,0
1,11,0
1,89,0
1,58,0
1,113,0
1,138,1
1,29,0
1,46,0
1,136,0
1,131,0
1,9,0
2,39,1
2,25,0
2,84,1
2,2,1
2,31,0
2,72,0
2,52,0
2,18,1
2,135,0
2,138,0
2,139,0
2,97,0
2,34,0
2,29,0
3,43,1
3,108,0
3,106,1
3,83,1
3,92,1
3,30,1
3,85,1
3,122,1
3,19,1
3,88,0
3,87,0
3,52,1
3,101,0
3,25,0
4,39,0
4,103,1
4,40,0
4,106,0
4,99,0
4,6,0
4,66,1
4,128,0
4,65,0
4,60,0
4,113,0
4,62,1
4,94,1
4,71,1
5,36,1
5,55,0
5,14,1
5,2,1
5,107,0
5,59,1
5,114,0
5,90,0
5,116,0
5,102,0
5,21,0
5,77,0
5,112,0
5,16,0
6,28,0
6,104,0
6,95,0
6,52,0
6,96,0
6,107,0
6,17,1
6,27,1
6,127,1
6,75,0
6,138,0
6,4,1
6,37,1
6,110,1
7,31,1
7,137,0
7,114,0
7,91,1
7,109,1
7,81,0
7,3,0
7,25,0
7,106,1
7,111,0
7,77,0
7,43,0
7,79,0
7,102,1
8,5,0
8,113,0
8,105,1
8,106,0
8,98,0
8,40,0
8,31,0
8,12,0
8,97,1
8,34,0
8,71,0
8,102,0
8,78,0
8,108,0
9,81,0
9,114,0
9,20,0
9,73,1
9,38,0
9,49,0
9,46,0
9,115,0
9,105,0
9,3,0
9,91,1
9,133,1
9,88,1
9,112,0
10,111,0
10,61,0
10,12,1
10,8,0
10,52,1
10,130,0
10,18,0
10,128,0
10,11,0
10,41,0
10,114,1
10,106,1
10,112,0
10,15,0
11,108,0
11,131,1
11,13,0
11,88,0
11,9,1
11,116,0
11,29,1
11,90,1
11,10,1
11,40,1
11,55,0
11,31,0
11,115,1
11,21,0
12,70,0
12,102,0
12,49,1
12,92,0
12,5,1
12,86,0
12,66,0
12,36,1
12,110,0
12,28,1
12,124,0
12,137,0
12,62,0
12,27,1
13,76,0
13,52,0
13,11,0
13,29,0
13,78,0
13,27,0
13,37,0
13,108,0
13,53,0
13,134,0
13,61,0
13,107,0
13,16,0
13,44,0
14,42,1
14,64,0
14,83,0
14,82,0
14,127,0
14,15,0
14,99,0
14,60,0
14,5,0
14,132,0
14,100,0
14,20,1
14,58,0
14,106,1
15,60,0
15,74,0
15,106,0
15,84,0
15,55,0
15,44,1
15,102,0
15,5,0
15,136,0
15,14,0
15,83,1
15,57,0
15,32,0
15,99,1
16,10,1
16,18,0
16,7,0
16,43,0
16,136,1
16,139,0
16,45,0
16,115,0
16,127,0
16,1,0
16,93,0
16,52,0
16,38,0
16,140,0
17,103,0
17,30,0
17,15,0
17,24,0
17,29,0
17,120,0
17,21,1
17,113,0
17,56,0
17,95,1
17,98,1
17,92,0
17,65,0
17,53,0
18,128,1
18,108,1
18,2,1
18,130,0
18,48,0
18,56,1
18,62,0
18,78,0
18,77,0
18,104,0
18,134,0
18,74,1
18,136,0
18,114,0
19,52,0
19,108,0
19,9,0
19,2,0
19,111,0
19,60,0
19,71,0
19,74,0
19,130,0
19,1,0
19,94,0
19,100,0
19,40,0
19,4,0
20,48,1
20,44,0
20,116,0
20,35,0
20,77,0
20,130,0
20,57,0
20,131,0
20,32,1
20,2,0
20,139,1
20,85,0
20,18,0
20,106,0
21,130,0
21,80,1
21,89,0
21,36,1
21,32,1
21,103,0
21,63,1
21,140,1
21,96,0
21,66,1
21,109,1
21,137,1
21,28,0
21,48,0
22,121,0
22,136,0
22,13,0
22,74,1
22,87,0
22,50,1
22,3,1
22,21,0
22,12,0
22,129,0
22,101,0
22,125,0
22,40,0
22,106,0
23,24,0
23,18,0
23,113,0
23,57,0
23,31,0
23,107,0
23,51,0
23,63,0
23,127,0
23,72,0
23,56,0
23,123,1
23,33,0
23,3,0
24,95,0
24,68,0
24,10,0
24,88,0
24,24,0
24,3,0
24,85,1
24,11,1
24,20,0
24,4,0
24,14,0
24,73,1
24,50,1
24,39,0
25,75,1
25,121,0
25,24,0
25,140,0
25,31,0
25,93,1
25,64,0
25,108,0
25,130,0
25,99,0
25,47,0
25,26,0
25,28,0
25,76,0
26,125,0
26,105,0
26,132,0
26,40,1
26,140,0
26,112,0
26,68,0
26,83,0
26,25,0
26,80,0
26,98,0
26,21,0
26,122,1
26,86,0
27,16,0
27,127,0
27,52,1
27,72,1
27,41,1
27,36,0
27,20,1
27,53,0
27,124,0
27,4,0
27,131,0
27,76,0
27,59,1
27,84,1
28,51,1
28,83,1
28,95,0
28,4,0
28,24,0
28,8,0
28,130,0
28,7,0
28,42,0
28,65,0
28,126,0
28,112,0
28,9,1
28,111,0
29,3,1
29,125,0
29,61,1
29,5,0
29,139,0
29,134,0
29,92,0
29,35,0
29,96,1
29,8,1
29,63,1
29,122,1
29,73,1
29,39,0
30,95,1
30,68,0
30,94,0
30,28,0
30,8,1
30,99,0
30,62,0
30,26,0
30,116,0
30,6,1
30,30,1
30,34,0
30,46,1
30,137,0
31,74,0
31,129,0
31,135,0
31,36,0
31,65,0
31,105,0
31,66,1
31,2,0
31,27,0
31,5,0
31,72,1
31,53,0
31,52,0
31,111,0
32,2,0
32,49,1
32,78,0
32,3,1
32,99,1
32,120,0
32,6,0
32,93,0
32,69,1
32,77,1
32,21,0
32,1,1
32,125,0
32,101,0
33,97,0
33,41,0
33,122,0
33,90,1
33,11,0
33,28,0
33,105,0
33,34,0
33,54,0
33,67,0
33,16,1
33,59,0
33,10,1
33,66,0
34,77,0
34,89,0
34,45,1
34,16,1
34,127,0
34,99,1
34,129,0
34,13,0
34,115,0
34,49,1
34,87,1
34,86,0
34,100,1
34,72,0
35,76,1
35,22,0
35,124,0
35,38,1
35,46,0
35,3,0
35,110,1
35,121,0
35,12,0
35,68,0
35,6,0
35,134,1
35,87,1
35,14,0
36,51,0
36,132,1
36,98,1
36,122,0
36,85,0
36,2,0
36,134,0
36,64,0
36,109,0
36,68,1
36,117,0
36,17,1
36,101,0
36,13,1
37,31,0
37,110,1
37,58,0
37,105,1
37,52,1
37,128,0
37,60,1
37,113,1
37,124,1
37,131,0
37,19,0
37,125,0
37,104,0
37,130,1
38,128,0
38,119,0
38,19,0
38,92,1
38,50,1
38,2,1
38,29,0
38,91,0
38,43,0
38,72,0
38,109,0
38,108,1
38,115,0
38,48,0
39,6,0
39,95,0
39,49,0
39,81,1
39,13,0
39,138,0
39,40,0
39,7,1
39,101,1
39,79,0
39,111,0
39,50,1
39,28,0
39,37,0
40,15,0
40,1,0
40,11,1
40,100,0
40,61,0
40,106,1
40,131,0
40,92,0
40,97,0
40,113,0
40,83,0
40,9,0
40,133,0
40,60,0
41,63,0
41,40,0
41,108,0
41,14,1
41,107,0
41,100,0
41,39,0
41,70,0
41,98,0
41,103,0
41,31,0
41,81,0
41,138,0
41,56,0
42,93,0
42,8,0
42,18,1
42,24,1
42,55,0
42,136,0
42,67,1
42,16,0
42,80,0
42,87,0
42,60,0
42,4,0
42,28,0
42,76,0
43,85,0
43,50,0
43,40,0
43,67,0
43,103,1
43,33,1
43,59,0
43,47,0
43,118,1
43,108,0
43,35,0
43,77,0
43,36,0
43,66,1
44,112,0
44,89,0
44,68,0
44,28,1
44,56,0
44,62,0
44,82,0
44,135,1
44,137,0
44,92,0
44,77,1
44,123,0
44,80,1
44,69,1
45,139,1
45,64,0
45,125,0
45,127,0
45,31,0
45,132,0
45,73,0
45,98,1
45,32,1
45,59,0
45,70,0
45,30,1
45,39,0
45,24,0
46,116,0
46,27,0
46,136,0
46,131,0
46,37,0
46,64,0
46,123,1
46,9,0
46,101,0
46,58,0
46,25,0
46,122,0
46,60,0
46,108,0
47,45,1
47,8,0
47,34,0
47,89,0
47,39,0
47,128,0
47,24,0
47,79,0
47,3,0
47,104,0
47,124,1
47,85,1
47,61,0
47,86,1
48,65,0
48,104,0
48,111,0
48,27,0
48,99,0
48,137,0
48,127,0
48,95,0
48,45,1
48,118,1
48,31,0
48,60,0
48,19,1
48,71,1
49,93,0
49,29,0
49,32,0
49,17,0
49,115,0
49,96,0
49,101,0
49,108,0
49,51,1
49,118,0
49,114,0
49,60,0
49,56,0
49,44,0
50,134,1
50,45,0
50,86,0
50,72,0
50,75,0
50,130,0
50,26,1
50,78,1
50,70,0
50,108,0
50,112,0
50,114,0
50,103,0
50,125,0
51,111,0
51,95,0
51,115,0
51,75,0
51,105,0
51,121,0
51,72,0
51,66,0
51,68,1
51,93,1
51,113,0
51,28,0
51,98,1
51,126,0
52,131,0
52,18,0
52,96,1
52,3,0
52,128,0
52,57,0
52,107,0
52,45,0
52,83,0
52,125,0
52,87,0
52,15,1
52,68,0
52,11,0
53,5,0
53,33,0
53,21,0
53,109,1
53,63,0
53,68,0
53,43,1
53,15,0
53,38,0
53,108,1
53,78,0
53,31,1
53,57,0
53,74,0
54,76,0
54,86,0
54,104,1
54,40,0
54,6,0
54,95,1
54,94,0
54,3,0
54,14,0
54,138,0
54,89,0
54,130,1
54,56,0
54,10,1
55,18,1
55,37,0
55,95,1
55,86,1
55,119,0
55,140,0
55,32,0
55,33,0
55,138,0
55,15,1
55,68,0
55,114,1
55,30,1
55,78,0
56,4,0
56,61,0
56,130,0
56,34,0
56,47,0
56,26,0
56,15,0
56,103,0
56,131,1
56,127,0
56,42,0
56,102,0
56,40,0
56,89,0
57,16,1
57,115,1
57,15,0
57,51,0
57,136,0
57,103,1
57,92,0
57,127,0
57,23,0
57,83,0
57,82,0
57,37,0
57,125,0
57,131,0
58,10,0
58,48,0
58,77,0
58,21,0
58,101,0
58,120,1
58,58,0
58,59,0
58,38,0
58,29,0
58,136,0
58,46,1
58,70,0
58,121,0
59,92,0
59,106,0
59,18,0
59,57,0
59,76,0
59,137,0
59,90,0
59,110,0
59,126,0
59,77,1
59,28,0
59,55,0
59,34,1
59,132,1
60,50,0
60,7,1
60,75,1
60,34,0
60,54,1
60,31,1
60,38,0
60,137,0
60,47,0
60,76,0
60,35,0
60,16,0
60,8,1
60,48,1
61,109,0
61,29,0
61,80,0
61,63,1
61,116,1
61,22,1
61,61,0
61,115,0
61,33,0
61,24,0
61,110,0
61,86,0
61,119,1
61,113,1
62,15,1
62,97,1
62,32,0
62,139,0
62,64,1
62,71,0
62,68,1
62,7,0
62,17,1
62,19,0
62,55,0
62,91,1
62,90,0
62,93,1
63,49,0
63,29,0
63,17,1
63,30,0
63,82,0
63,41,0
63,48,0
63,51,1
63,67,0
63,57,0
63,72,0
63,123,1
63,77,1
63,2,1
64,43,1
64,100,0
64,107,0
64,137,0
64,8,0
64,89,0
64,22,1
64,28,1
64,140,1
64,60,1
64,93,0
64,9,1
64,34,1
64,77,0
65,9,1
65,105,1
65,29,0
65,25,0
65,134,0
65,138,0
65,52,0
65,21,0
65,137,0
65,132,0
65,7,0
65,131,0
65,43,0
65,49,0
66,129,1
66,7,0
66,120,0
66,24,0
66,126,0
66,15,1
66,20,0
66,125,1
66,60,0
66,75,1
66,53,0
66,31,0
66,77,0
66,131,1
67,116,1
67,67,0
67,20,1
67,75,1
67,130,1
67,133,0
67,6,0
67,72,0
67,62,0
67,100,0
67,54,1
67,22,0
67,104,1
67,55,0
68,62,0
68,80,1
68,107,1
68,114,0
68,115,0
68,122,0
68,56,0
68,105,1
68,91,1
68,70,0
68,99,1
68,38,0
68,21,1
68,53,0
69,63,0
69,103,0
69,45,1
69,58,0
69,40,0
69,121,1
69,66,0
69,47,0
69,140,1
69,118,0
69,87,1
69,32,1
69,71,1
69,33,1
70,105,1
70,125,1
70,53,0
70,86,0
70,111,0
70,18,0
70,113,0
70,75,0
70,33,1
70,103,1
70,85,0
70,91,1
70,131,0
70,64,1
71,73,0
71,86,0
71,4,0
71,8,0
71,111,0
71,53,0
71,137,0
71,85,1
71,130,1
71,3,0
71,116,0
71,13,1
71,71,0
71,124,0
72,64,1
72,58,0
72,8,0
72,54,0
72,15,0
72,95,0
72,100,1
72,26,0
72,106,1
72,101,0
72,21,0
72,57,0
72,71,1
72,60,1
73,105,1
73,46,1
73,87,1
73,10,0
73,130,1
73,13,0
73,55,0
73,34,0
73,84,1
73,127,0
73,111,0
73,14,0
73,115,0
73,26,0
74,54,1
74,19,0
74,27,0
74,77,0
74,56,0
74,48,0
74,116,1
74,24,0
74,18,1
74,81,0
74,137,0
74,78,0
74,47,0
74,49,0
75,56,0
75,44,1
75,90,1
75,28,0
75,26,0
75,41,0
75,36,1
75,49,0
75,93,1
75,108,0
75,7,1
75,80,0
75,105,1
75,125,0
76,135,0
76,62,1
76,67,0
76,80,1
76,16,0
76,92,1
76,116,0
76,25,0
76,105,0
76,40,0
76,112,0
76,52,1
76,90,1
76,128,0
77,2,0
77,47,1
77,32,0
77,60,1
77,97,0
77,90,1
77,80,0
77,50,1
77,29,1
77,27,1
77,139,0
77,121,0
77,85,1
77,68,0
78,130,0
78,15,0
78,117,1
78,69,0
78,133,0
78,62,1
78,38,0
78,112,0
78,135,0
78,68,1
78,67,0
78,101,0
78,125,1
78,1,1
79,110,0
79,33,0
79,27,1
79,48,0
79,31,0
79,42,0
79,26,1
79,134,0
79,56,0
79,95,1
79,77,0
79,44,0
79,64,0
79,118,0
80,47,0
80,54,0
80,36,0
80,91,1
80,96,0
80,124,0
80,103,1
80,135,0
80,128,0
80,5,0
80,49,0
80,70,0
80,22,0
80,115,0
81,30,0
81,76,0
81,107,0
81,116,0
81,84,1
81,134,1
81,114,1
81,66,0
81,104,1
81,100,0
81,50,1
81,23,1
81,119,1
81,49,1
82,128,0
82,120,0
82,92,1
82,105,1
82,84,0
82,33,0
82,86,1
82,30,0
82,71,0
82,23,0
82,62,0
82,10,0
82,55,0
82,34,0
83,6,0
83,67,1
83,123,0
83,29,0
83,3,1
83,83,0
83,77,1
83,118,0
83,111,0
83,38,0
83,45,1
83,131,0
83,48,0
83,62,0
84,63,1
84,109,0
84,6,0
84,138,1
84,16,0
84,8,0
84,29,0
84,95,1
84,25,0
84,52,0
84,46,0
84,66,1
84,31,1
84,99,0
85,132,1
85,26,0
85,81,0
85,117,0
85,126,0
85,10,0
85,135,0
85,54,0
85,83,1
85,98,0
85,90,0
85,56,0
85,19,0
85,94,0
86,15,0
86,8,1
86,57,1
86,125,1
86,108,1
86,135,0
86,119,1
86,78,0
86,20,1
86,22,0
86,99,0
86,52,0
86,126,0
86,111,0
87,2,0
87,21,0
87,39,0
87,130,0
87,20,0
87,17,1
87,73,0
87,24,0
87,1,0
87,52,0
87,81,0
87,82,0
87,67,0
87,19,1
88,2,0
88,88,1
88,62,0
88,119,0
88,65,0
88,68,0
88,96,1
88,84,1
88,21,0
88,19,1
88,99,0
88,29,1
88,49,0
88,70,1
89,24,0
89,20,0
89,7,1
89,129,0
89,119,0
89,69,0
89,133,0
89,39,0
89,25,1
89,23,1
89,99,0
89,43,0
89,65,0
89,91,0
90,67,1
90,77,1
90,42,1
90,82,0
90,94,0
90,2,1
90,120,1
90,47,0
90,84,0
90,113,1
90,26,0
90,137,1
90,46,0
90,114,0
91,102,0
91,29,1
91,65,0
91,52,1
91,82,1
91,89,1
91,34,0
91,59,0
91,106,0
91,23,0
91,137,1
91,61,0
91,130,1
91,2,0
92,52,1
92,24,0
92,75,0
92,10,0
92,64,0
92,51,1
92,124,1
92,26,0
92,8,1
92,1,1
92,126,0
92,14,0
92,101,0
92,31,0
93,106,0
93,58,0
93,110,0
93,92,0
93,75,0
93,122,0
93,66,0
93,124,0
93,10,1
93,3,0
93,118,0
93,13,1
93,109,0
93,125,0
94,117,1
94,77,0
94,48,0
94,99,0
94,89,0
94,74,0
94,127,0
94,29,1
94,107,0
94,63,0
94,12,1
94,64,0
94,131,0
94,114,0
95,30,0
95,40,0
95,95,0
95,27,0
95,69,0
95,117,0
95,136,0
95,53,1
95,34,0
95,128,0
95,74,0
95,94,0
95,14,0
95,63,1
96,100,0
96,65,0
96,35,0
96,7,1
96,24,0
96,28,0
96,71,0
96,130,0
96,127,0
96,90,0
96,74,0
96,45,0
96,49,0
96,118,0
97,58,0
97,126,1
97,88,0
97,120,0
97,122,0
97,79,0
97,117,1
97,28,1
97,1,0
97,21,0
97,103,1
97,127,0
97,104,0
97,20,1
98,140,0
98,120,1
98,55,0
98,7,0
98,91,0
98,19,0
98,27,0
98,21,0
98,64,0
98,45,0
98,85,0
98,78,0
98,37,0
98,95,1
99,20,0
99,3,0
99,18,0
99,43,0
99,84,0
99,15,1
99,61,0
99,99,0
99,89,0
99,16,0
99,103,1
99,129,1
99,40,0
99,30,1
100,113,0
100,58,0
100,51,0
100,55,0
100,81,0
100,53,0
100,87,0
100,44,0
100,14,1
100,125,1
100,96,0
100,129,0
100,88,0
100,19,1
101,35,0
101,18,0
101,4,0
101,53,0
101,74,0
101,42,0
101,33,1
101,96,0
101,38,0
101,19,0
101,81,1
101,37,0
101,75,0
101,79,0
102,94,0
102,76,0
102,62,1
102,13,1
102,107,0
102,73,1
102,118,1
102,38,1
102,89,0
102,37,1
102,5,0
102,29,0
102,121,0
102,11,0
103,33,0
103,23,0
103,89,1
103,30,1
103,130,0
103,88,1
103,6,1
103,136,1
103,20,0
103,34,0
103,131,0
103,37,1
103,91,0
103,127,0
104,25,0
104,80,0
104,115,0
104,84,0
104,61,0
104,20,0
104,3,0
104,82,0
104,38,0
104,36,0
104,21,1
104,16,0
104,27,0
104,14,0
105,46,0
105,139,1
105,104,0
105,128,0
105,59,0
105,114,0
105,36,0
105,49,0
105,44,0
105,95,1
105,47,0
105,13,1
105,43,0
105,20,1
106,109,0
106,112,1
106,131,0
106,20,0
106,73,0
106,11,0
106,66,0
106,22,0
106,87,0
106,107,0
106,37,0
106,16,1
106,18,1
106,30,0
107,27,1
107,52,0
107,75,0
107,113,0
107,16,0
107,118,0
107,60,0
107,140,0
107,137,1
107,50,0
107,21,1
107,100,0
107,81,0
107,83,0
108,73,1
108,130,0
108,40,0
108,79,0
108,124,1
108,120,0
108,4,0
108,132,0
108,140,1
108,45,0
108,35,0
108,1,1
108,129,0
108,48,1
109,102,0
109,67,0
109,48,1
109,68,0
109,20,0
109,95,0
109,96,0
109,117,0
109,54,1
109,119,1
109,22,1
109,49,1
109,58,0
109,1,1
110,14,1
110,71,1
110,53,1
110,132,1
110,4,0
110,22,0
110,88,0
110,138,1
110,21,0
110,60,1
110,64,1
110,131,0
110,97,0
110,110,0
111,77,0
111,11,1
111,13,0
111,104,0
111,101,0
111,85,0
111,137,0
111,25,0
111,40,0
111,14,0
111,4,0
111,83,0
111,111,1
111,36,0
112,24,1
112,63,0
112,77,1
112,83,0
112,104,0
112,107,0
112,72,0
112,126,0
112,100,0
112,138,1
112,113,1
112,13,1
112,6,0
112,103,0
113,19,0
113,104,0
113,32,0
113,95,0
113,56,0
113,96,1
113,41,0
113,85,0
113,131,0
113,94,0
113,124,0
113,90,0
113,81,0
113,130,0
114,134,0
114,88,0
114,66,0
114,62,1
114,45,0
114,24,1
114,41,1
114,64,1
114,106,1
114,40,0
114,104,0
114,136,0
114,79,0
114,2,0
115,38,0
115,140,0
115,12,0
115,56,0
115,103,0
115,29,0
115,24,0
115,57,1
115,60,0
115,45,0
115,73,0
115,85,0
115,17,1
115,13,1
116,50,0
116,25,1
116,63,0
116,17,0
116,15,1
116,95,0
116,118,0
116,28,0
116,79,0
116,66,0
116,30,0
116,1,0
116,39,0
116,14,1
117,5,0
117,14,1
117,114,0
117,28,1
117,19,0
117,36,1
117,42,1
117,102,0
117,54,1
117,17,0
117,16,0
117,56,0
117,29,0
117,86,0
118,113,0
118,47,0
118,135,0
118,81,0
118,21,0
118,73,0
118,129,0
118,117,0
118,52,0
118,18,0
118,119,1
118,20,0
118,15,0
118,4,0
119,34,0
119,14,0
119,110,1
119,98,0
119,119,1
119,15,0
119,138,0
119,139,0
119,17,1
119,83,0
119,108,0
119,79,1
119,124,0
119,68,0
120,137,1
120,46,0
120,8,0
120,14,0
120,115,0
120,9,1
120,16,0
120,52,1
120,133,0
120,36,0
120,19,0
120,118,0
120,55,1
120,53,0
121,40,1
121,32,0
121,65,0
121,115,1
121,120,0
121,26,0
121,95,1
121,83,0
121,77,1
121,19,0
121,135,0
121,30,0
121,39,1
121,121,0
122,82,0
122,35,0
122,45,0
122,12,0
122,138,1
122,3,0
122,100,0
122,26,1
122,46,0
122,64,0
122,23,0
122,105,1
122,133,1
122,51,0
123,35,0
123,45,1
123,133,1
123,26,0
123,135,1
123,29,1
123,48,1
123,129,0
123,92,0
123,72,0
123,22,0
123,74,0
123,18,0
123,15,0
124,108,1
124,50,0
124,99,0
124,106,1
124,136,0
124,12,1
124,4,0
124,130,1
124,89,0
124,68,0
124,90,0
124,139,0
124,135,0
124,51,0
125,48,0
125,57,1
125,32,0
125,112,1
125,36,1
125,56,1
125,43,1
125,76,0
125,139,1
125,33,0
125,96,1
125,40,0
125,81,0
125,22,0
126,2,1
126,32,0
126,19,0
126,5,0
126,125,0
126,114,0
126,35,0
126,109,1
126,140,0
126,108,1
126,135,0
126,43,1
126,64,0
126,94,1
127,27,0
127,61,1
127,139,0
127,115,0
127,23,1
127,138,1
127,37,0
127,60,0
127,112,1
127,113,0
127,26,0
127,14,0
127,66,0
127,20,0
128,69,0
128,13,1
128,10,1
128,55,0
128,83,1
128,130,0
128,131,0
128,44,0
128,87,0
128,91,0
128,8,0
128,125,0
128,73,0
128,74,0
129,58,1
129,8,0
129,92,0
129,108,0
129,112,0
129,2,0
129,28,1
129,44,0
129,135,1
129,73,0
129,68,0
129,109,0
129,4,0
129,99,0
130,137,0
130,113,0
130,51,0
130,117,1
130,64,0
130,91,0
130,103,0
130,129,0
130,19,0
130,124,0
130,140,1
130,8,0
130,41,0
130,35,0
131,42,1
131,72,0
131,122,0
131,3,0
131,98,0
131,49,1
131,100,0
131,69,0
131,55,1
131,14,0
131,104,1
131,128,1
131,70,0
131,37,0
132,75,0
132,99,0
132,63,0
132,31,1
132,124,0
132,47,1
132,9,0
132,61,1
132,96,0
132,100,0
132,101,1
132,106,0
132,39,0
132,86,0
133,23,0
133,32,0
133,113,0
133,69,0
133,50,0
133,60,0
133,70,0
133,21,0
133,130,0
133,63,0
133,66,0
133,31,0
133,93,0
133,29,0
134,36,0
134,104,0
134,125,0
134,8,0
134,61,1
134,112,0
134,60,0
134,59,0
134,73,1
134,130,0
134,57,0
134,123,1
134,40,0
134,7,0
135,93,0
135,67,1
135,33,0
135,44,1
135,117,0
135,132,0
135,26,1
135,22,1
135,71,0
135,138,0
135,119,0
135,34,0
135,105,1
135,60,0
136,132,1
136,87,0
136,61,0
136,2,0
136,72,1
136,88,0
136,59,0
136,37,1
136,50,0
136,80,0
136,126,0
136,49,0
136,26,0
136,15,0
137,90,0
137,91,0
137,116,1
137,133,1
137,23,0
137,63,0
137,92,0
137,131,0
137,79,1
137,27,1
137,86,0
137,110,0
137,26,0
137,59,0
138,76,1
138,124,1
138,47,0
138,44,1
138,69,0
138,53,0
138,92,0
138,103,0
138,101,0
138,64,0
138,134,1
138,25,0
138,80,0
138,117,0
139,80,0
139,77,0
139,123,0
139,20,0
139,21,0
139,128,0
139,27,0
139,36,1
139,59,0
139,51,0
139,70,0
139,2,1
139,108,0
139,121,0
140,114,0
140,94,1
140,116,0
140,107,0
140,97,0
140,124,0
140,33,0
140,43,0
140,106,1
140,88,1
140,16,0
140,120,1
140,46,1
140,30,0
141,86,0
141,84,0
141,91,0
141,110,1
141,1,0
141,92,0
141,5,1
141,100,0
141,109,0
141,79,1
141,138,0
141,128,0
141,44,0
141,31,1
142,97,0
142,34,0
142,73,1
142,132,1
142,104,0
142,6,0
142,51,0
142,134,0
142,106,1
142,13,1
142,41,1
142,108,0
142,69,0
142,123,0
143,82,1
143,126,0
143,15,1
143,20,0
143,28,0
143,18,0
143,39,1
143,97,0
143,135,0
143,13,0
143,128,0
143,79,0
143,86,0
143,36,0
144,77,0
144,91,1
144,123,0
144,32,0
144,24,0
144,52,0
144,136,0
144,31,0
144,20,0
144,42,0
144,137,0
144,121,0
144,66,0
144,76,0
145,108,0
145,57,0
145,99,1
145,136,0
145,38,0
145,77,0
145,84,0
145,81,0
145,58,0
145,45,0
145,49,0
145,127,0
145,44,1
145,7,0
146,77,1
146,11,1
146,113,0
146,133,0
146,6,0
146,24,1
146,45,0
146,35,0
146,111,1
146,48,0
146,134,0
146,116,0
146,15,0
146,36,0
147,32,1
147,74,0
147,24,0
147,110,0
147,20,1
147,16,0
147,94,0
147,87,1
147,135,0
147,123,0
147,38,0
147,90,1
147,92,0
147,62,0
148,68,0
148,104,0
148,46,0
148,101,0
148,75,0
148,70,0
148,43,1
148,66,0
148,105,1
148,108,1
148,20,0
148,118,0
148,84,0
148,58,1
149,16,0
149,57,0
149,89,1
149,13,1
149,97,0
149,76,1
149,120,1
149,80,0
149,65,0
149,125,1
149,5,0
149,132,0
149,68,1
149,108,1
150,63,0
150,108,1
150,14,0
150,32,0
150,118,1
150,49,0
150,53,1
150,102,0
150,12,1
150,9,0
150,115,1
150,132,0
150,52,0
150,62,1
151,78,0
151,42,0
151,133,1
151,1,0
151,17,0
151,74,0
151,92,1
151,20,0
151,59,0
151,33,1
151,136,0
151,76,0
151,99,0
151,70,0
152,40,0
152,85,1
152,120,1
152,2,0
152,136,0
152,36,0
152,68,0
152,92,0
152,20,0
152,63,0
152,56,0
152,57,0
152,14,0
152,87,1
153,8,1
153,106,0
153,64,0
153,57,0
153,15,0
153,102,0
153,45,1
153,25,0
153,63,0
153,76,0
153,13,0
153,58,0
153,96,1
153,46,0
154,70,0
154,68,1
154,29,0
154,30,1
154,20,0
154,118,0
154,6,0
154,22,1
154,25,0
154,3,0
154,106,0
154,84,1
154,122,0
154,47,0
155,8,1
155,120,0
155,61,0
155,131,0
155,116,0
155,109,0
155,100,0
155,92,1
155,24,0
155,114,1
155,25,0
155,101,1
155,29,1
155,2,1
156,74,0
156,88,0
156,93,0
156,140,0
156,19,0
156,107,0
156,12,0
156,81,0
156,77,1
156,63,0
156,84,0
156,75,0
156,99,0
156,108,0
157,68,0
157,9,1
157,95,0
157,43,0
157,61,0
157,97,0
157,69,0
157,6,0
157,45,0
157,58,0
157,39,0
157,113,0
157,124,0
157,5,0
158,15,1
158,20,1
158,109,1
158,35,0
158,24,0
158,84,0
158,27,0
158,8,0
158,138,1
158,33,1
158,123,1
158,47,1
158,42,0
158,17,0
159,65,0
159,15,0
159,131,0
159,51,1
159,13,1
159,115,0
159,37,0
159,110,1
159,78,0
159,93,0
159,14,0
159,87,0
159,58,0
159,20,1
160,123,1
160,130,0
160,78,1
160,48,0
160,65,0
160,105,0
160,83,0
160,96,1
160,13,0
160,2,1
160,134,0
160,110,0
160,140,0
160,9,0
161,97,1
161,22,1
161,16,1
161,99,0
161,130,1
161,124,0
161,103,0
161,29,1
161,47,1
161,23,0
161,39,1
161,108,0
161,66,0
161,140,0
162,113,1
162,43,0
162,10,0
162,122,1
162,134,0
162,38,0
162,40,0
162,115,0
162,136,0
162,42,1
162,81,1
162,14,1
162,132,0
162,127,0
163,16,1
163,96,0
163,135,0
163,117,1
163,76,1
163,88,1
163,107,0
163,42,0
163,33,1
163,123,0
163,73,0
163,41,0
163,3,0
163,94,1
164,104,0
164,7,0
164,47,0
164,110,1
164,5,0
164,97,0
164,51,1
164,126,0
164,91,0
164,20,1
164,10,0
164,18,0
164,69,0
164,43,0
165,73,0
165,29,0
165,35,1
165,48,1
165,133,0
165,43,0
165,135,1
165,119,1
165,105,1
165,18,0
165,44,1
165,88,1
165,92,0
165,16,0
166,41,0
166,33,0
166,99,0
166,130,0
166,100,1
166,117,0
166,8,0
166,11,0
166,93,0
166,96,1
166,21,1
166,140,0
166,56,0
166,118,0
167,15,0
167,83,0
167,134,0
167,123,0
167,103,0
167,117,0
167,13,0
167,80,0
167,71,0
167,101,0
167,118,0
167,66,1
167,11,0
167,5,0
168,57,1
168,80,0
168,7,0
168,38,0
168,8,1
168,41,0
168,30,0
168,28,0
168,134,0
168,132,0
168,76,0
168,139,1
168,66,0
168,65,0
169,46,0
169,57,1
169,97,0
169,123,0
169,42,0
169,22,1
169,29,0
169,27,0
169,34,0
169,109,0
169,119,0
169,28,0
169,125,1
169,104,1
170,81,1
170,103,0
170,35,1
170,93,1
170,26,0
170,17,0
170,114,0
170,70,0
170,48,0
170,33,0
170,90,1
170,126,0
170,101,0
170,131,1
171,121,0
171,126,1
171,16,0
171,32,0
171,42,1
171,106,0
171,15,0
171,115,0
171,109,0
171,44,0
171,43,0
171,52,0
171,80,0
171,89,0
172,25,0
172,101,1
172,71,0
172,89,0
172,76,0
172,53,0
172,52,1
172,72,0
172,11,0
172,88,0
172,117,0
172,83,1
172,82,0
172,120,1
173,2,1
173,76,1
173,66,0
173,136,0
173,29,1
173,138,0
173,140,1
173,65,0
173,139,1
173,31,1
173,98,0
173,80,1
173,22,0
173,47,1
174,61,0
174,114,0
174,79,0
174,49,1
174,121,0
174,53,1
174,133,0
174,59,0
174,100,0
174,82,0
174,50,1
174,131,0
174,68,0
174,27,0
175,117,0
175,92,1
175,22,0
175,15,0
175,13,1
175,54,1
175,127,0
175,7,0
175,64,0
175,33,1
175,84,0
175,136,0
175,50,0
175,69,1
176,28,1
176,130,1
176,50,0
176,94,0
176,114,0
176,22,0
176,58,1
176,126,0
176,74,0
176,119,0
176,121,0
176,89,0
176,60,0
176,5,1
177,33,0
177,94,0
177,104,0
177,8,1
177,85,0
177,77,0
177,56,0
177,79,0
177,27,0
177,32,1
177,25,0
177,37,0
177,101,0
177,63,1
178,105,1
178,96,0
178,28,1
178,47,0
178,129,0
178,67,0
178,54,1
178,95,0
178,60,0
178,124,0
178,82,0
178,87,0
178,131,0
178,15,0
179,118,0
179,33,0
179,41,0
179,76,0
179,49,0
179,97,0
179,101,0
179,138,0
179,36,1
179,19,0
179,15,0
179,135,0
179,109,1
179,119,0
180,89,0
180,140,0
180,131,1
180,23,0
180,49,0
180,42,0
180,11,0
180,18,0
180,115,0
180,59,0
180,14,1
180,35,0
180,66,0
180,28,0
181,129,0
181,55,1
181,41,1
181,136,0
181,26,0
181,113,1
181,119,0
181,5,1
181,52,0
181,105,0
181,117,0
181,10,1
181,4,0
181,28,0
182,123,0
182,34,1
182,118,1
182,107,0
182,132,0
182,92,0
182,5,0
182,113,1
182,26,1
182,10,0
182,105,0
182,45,1
182,12,0
182,84,0
183,34,0
183,42,1
183,40,0
183,25,0
183,72,0
183,86,0
183,78,0
183,77,0
183,128,0
183,18,0
183,80,0
183,44,1
183,136,1
183,63,0
184,19,0
184,120,1
184,3,0
184,74,0
184,92,1
184,15,0
184,66,0
184,1,0
184,119,0
184,13,0
184,17,1
184,125,0
184,77,1
184,128,0
185,101,0
185,63,1
185,110,0
185,42,1
185,7,0
185,102,0
185,65,0
185,49,0
185,18,0
185,95,0
185,107,1
185,128,0
185,50,0
185,138,0
186,61,0
186,27,0
186,134,1
186,82,0
186,69,1
186,30,1
186,127,0
186,139,0
186,7,0
186,35,0
186,14,0
186,29,1
186,85,0
186,20,1
187,57,1
187,140,0
187,92,1
187,114,1
187,139,0
187,135,0
187,5,0
187,84,0
187,42,0
187,34,1
187,70,0
187,121,0
187,61,0
187,46,0
188,52,1
188,2,0
188,104,0
188,6,1
188,39,1
188,77,1
188,22,1
188,135,0
188,18,0
188,19,0
188,40,0
188,73,0
188,28,0
188,66,0
189,14,0
189,38,1
189,10,0
189,123,0
189,105,1
189,4,0
189,17,0
189,101,0
189,76,0
189,41,0
189,58,0
189,66,1
189,55,0
189,29,0
190,69,1
190,7,0
190,104,1
190,140,0
190,76,0
190,59,1
190,43,1
190,62,0
190,93,0
190,103,0
190,65,0
190,61,0
190,50,1
190,71,1
191,123,0
191,66,0
191,5,0
191,20,1
191,7,0
191,91,0
191,8,1
191,104,0
191,75,1
191,24,0
191,136,1
191,109,0
191,21,0
191,41,0
192,63,0
192,43,0
192,59,0
192,31,1
192,12,1
192,64,0
192,40,0
192,51,0
192,11,1
192,7,1
192,20,1
192,129,0
192,119,0
192,44,0
193,85,1
193,46,1
193,7,1
193,18,0
193,44,0
193,107,0
193,108,0
193,98,0
193,84,1
193,131,0
193,118,0
193,127,0
193,99,0
193,36,0
194,137,0
194,16,1
194,37,0
194,117,0
194,53,0
194,28,1
194,39,1
194,69,0
194,12,0
194,104,1
194,6,0
194,84,0
194,59,1
194,68,0
195,14,1
195,135,0
195,120,0
195,125,1
195,7,1
195,103,0
195,50,0
195,90,0
195,126,1
195,139,0
195,11,1
195,52,0
195,140,0
195,60,0
196,59,0
196,15,0
196,84,0
196,11,0
196,131,1
196,133,0
196,51,0
196,82,0
196,80,0
196,132,1
196,117,0
196,100,0
196,125,1
196,33,0
197,137,0
197,1,0
197,67,1
197,65,0
197,2,0
197,4,0
197,96,0
197,81,0
197,47,0
197,69,0
197,76,0
197,87,1
197,105,1
197,21,0
198,87,0
198,56,0
198,19,1
198,66,1
198,22,0
198,2,1
198,73,0
198,42,0
198,38,0
198,100,0
198,92,0
198,95,1
198,60,0
198,70,0
199,94,1
199,8,1
199,88,0
199,125,0
199,84,0
199,29,1
199,64,0
199,60,0
199,66,0
199,79,1
199,97,0
199,133,0
199,54,0
199,91,0
200,8,0
200,61,0
200,63,1
200,49,0
200,104,0
200,137,0
200,9,0
200,123,0
200,60,0
200,5,1
200,59,0
200,32,0
200,129,1
200,72,0
201,23,0
201,140,1
201,129,0
201,85,0
201,8,0
201,56,1
201,101,0
201,112,1
201,110,0
201,67,1
201,106,0
201,49,1
201,20,0
201,128,1
202,113,1
202,78,1
202,101,0
202,24,1
202,28,0
202,140,0
202,13,1
202,124,0
202,81,0
202,67,0
202,77,0
202,83,0
202,3,0
202,118,0
203,20,0
203,88,0
203,97,0
203,6,0
203,19,0
203,135,0
203,58,0
203,61,1
203,8,1
203,82,0
203,87,1
203,102,1
203,109,1
203,130,0
204,49,1
204,87,0
204,129,0
204,124,0
204,65,0
204,58,0
204,1,0
204,105,1
204,82,0
204,28,0
204,7,0
204,75,0
204,46,1
204,47,0
205,23,0
205,109,1
205,68,1
205,36,0
205,32,0
205,133,0
205,86,1
205,45,0
205,87,0
205,131,0
205,30,0
205,78,0
205,40,0
205,47,0
206,100,0
206,14,1
206,105,0
206,32,1
206,15,0
206,94,0
206,7,1
206,83,0
206,95,1
206,102,0
206,119,1
206,16,0
206,80,1
206,8,1
207,101,1
207,113,0
207,39,1
207,12,0
207,56,0
207,85,0
207,27,0
207,34,0
207,44,1
207,109,0
207,119,1
207,55,0
207,111,0
207,136,1
208,110,0
208,121,0
208,19,0
208,91,1
208,25,0
208,87,0
208,105,0
208,23,0
208,6,1
208,48,0
208,138,1
208,11,0
208,98,0
208,1,0
209,29,0
209,90,0
209,3,0
209,98,0
209,12,0
209,61,0
209,2,1
209,81,0
209,126,0
209,28,0
209,131,0
209,26,0
209,132,1
209,71,1
210,25,0
210,44,1
210,111,1
210,67,0
210,59,1
210,41,1
210,4,0
210,88,0
210,29,0
210,75,0
210,46,0
210,70,0
210,127,0
210,112,0
211,64,0
211,125,0
211,55,0
211,81,0
211,111,1
211,110,0
211,98,0
211,3,0
211,108,0
211,15,1
211,97,0
211,102,0
211,138,1
211,69,0
212,75,1
212,57,1
212,15,0
212,4,0
212,104,0
212,28,0
212,102,1
212,56,0
212,20,0
212,95,0
212,35,0
212,8,1
212,79,1
212,7,0
213,14,0
213,134,0
213,65,0
213,105,0
213,50,0
213,139,1
213,95,0
213,135,1
213,120,1
213,35,0
213,78,0
213,110,1
213,76,0
213,88,0
214,112,0
214,7,1
214,79,0
214,130,0
214,9,1
214,87,1
214,127,0
214,33,0
214,27,0
214,61,0
214,14,1
214,94,0
214,16,1
214,32,0
215,131,1
215,74,0
215,30,0
215,47,0
215,109,0
215,19,1
215,28,0
215,24,1
215,85,0
215,122,0
215,41,1
215,84,1
215,29,0
215,12,1
216,87,1
216,134,0
216,21,0
216,76,1
216,80,0
216,114,0
216,10,1
216,131,0
216,14,0
216,56,0
216,51,0
216,112,1
216,22,0
216,78,0
217,77,0
217,113,1
217,10,0
217,116,0
217,11,1
217,54,1
217,110,1
217,91,0
217,33,0
217,120,0
217,108,1
217,118,0
217,83,0
217,129,0
218,112,0
218,74,0
218,54,0
218,60,0
218,122,1
218,58,0
218,45,0
218,136,0
218,99,0
218,132,1
218,86,0
218,37,1
218,65,0
218,78,0
219,105,0
219,50,1
219,83,1
219,78,1
219,136,0
219,67,1
219,120,0
219,7,1
219,29,1
219,126,0
219,91,0
219,113,0
219,36,0
219,32,0
220,6,0
220,101,0
220,5,0
220,33,1
220,89,1
220,8,0
220,65,0
220,44,0
220,88,1
220,48,0
220,118,1
220,62,1
220,64,1
220,132,0
221,35,0
221,17,0
221,48,0
221,60,1
221,87,1
221,6,0
221,80,0
221,28,0
221,50,0
221,115,0
221,121,1
221,122,1
221,79,0
221,103,0
222,137,0
222,26,0
222,10,0
222,64,1
222,74,0
222,7,1
222,73,0
222,100,1
222,60,0
222,70,0
222,58,0
222,95,1
222,55,1
222,108,1
223,43,0
223,1,0
223,57,0
223,62,0
223,42,0
223,70,0
223,77,0
223,66,0
223,35,1
223,53,0
223,73,0
223,68,0
223,93,0
223,121,0
224,88,0
224,108,0
224,54,1
224,56,1
224,139,0
224,122,0
224,31,0
224,53,0
224,123,0
224,10,1
224,23,0
224,127,0
224,65,0
224,126,0
225,119,0
225,64,0
225,121,0
225,56,1
225,8,0
225,99,1
225,30,0
225,45,1
225,74,0
225,111,0
225,114,1
225,43,0
225,39,0
225,129,0
226,7,0
226,31,0
226,34,0
226,104,1
226,64,0
226,16,0
226,55,0
226,134,1
226,14,0
226,82,0
226,33,0
226,10,1
226,119,1
226,125,0
227,135,0
227,80,0
227,74,1
227,89,0
227,36,0
227,123,0
227,114,0
227,78,0
227,3,0
227,33,0
227,17,0
227,67,1
227,70,0
227,28,0
228,16,1
228,72,1
228,56,0
228,64,0
228,83,0
228,98,1
228,54,0
228,104,1
228,1,0
228,122,0
228,18,0
228,46,1
228,114,0
228,34,0
229,27,0
229,139,0
229,30,0
229,89,1
229,140,0
229,1,0
229,50,0
229,130,0
229,42,0
229,7,1
229,24,0
229,48,0
229,91,0
229,136,0
230,105,1
230,58,0
230,128,1
230,117,0
230,5,0
230,4,1
230,101,1
230,140,1
230,6,1
230,20,0
230,62,0
230,50,1
230,118,0
230,104,1
231,18,0
231,52,0
231,22,0
231,36,0
231,35,0
231,136,1
231,130,1
231,59,0
231,95,0
231,89,0
231,114,0
231,61,1
231,70,0
231,33,0
232,41,1
232,46,1
232,78,1
232,72,0
232,34,1
232,95,1
232,30,0
232,103,0
232,90,0
232,70,1
232,64,0
232,106,0
232,128,0
232,100,0
233,13,0
233,126,0
233,73,1
233,106,0
233,3,0
233,35,0
233,99,0
233,29,0
233,71,1
233,44,1
233,87,0
233,90,0
233,18,1
233,26,0
234,131,0
234,63,1
234,102,1
234,26,1
234,92,0
234,100,0
234,49,1
234,36,0
234,5,0
234,58,1
234,96,0
234,122,0
234,83,0
234,8,0
235,140,0
235,136,0
235,86,0
235,38,0
235,18,1
235,16,0
235,69,1
235,82,0
235,134,1
235,42,0
235,56,0
235,10,0
235,11,0
235,28,0
236,49,1
236,89,1
236,13,0
236,117,1
236,29,0
236,93,0
236,4,0
236,70,0
236,54,0
236,81,1
236,124,0
236,125,0
236,123,1
236,71,0
237,35,0
237,56,0
237,106,0
237,61,0
237,102,1
237,109,0
237,55,0
237,113,0
237,41,0
237,76,0
237,40,0
237,119,1
237,65,0
237,12,0
238,32,0
238,69,0
238,52,1
238,97,0
238,81,0
238,77,1
238,96,1
238,75,0
238,15,0
238,66,0
238,126,0
238,11,0
238,136,1
238,54,1
239,26,0
239,91,0
239,68,0
239,118,0
239,22,1
239,88,0
239,45,0
239,100,0
239,95,1
239,3,0
239,21,0
239,23,1
239,140,1
239,108,1
240,10,1
240,23,0
240,41,0
240,40,0
240,107,0
240,3,0
240,9,0
240,65,0
240,26,0
240,122,0
240,31,0
240,43,1
240,36,0
240,57,0
241,18,0
241,5,1
241,117,0
241,94,1
241,82,0
241,109,1
241,112,0
241,91,1
241,6,0
241,106,0
241,92,0
241,15,0
241,8,0
241,69,0
242,51,0
242,84,0
242,125,0
242,120,0
242,99,0
242,11,0
242,118,0
242,4,0
242,74,1
242,50,0
242,90,0
242,22,0
242,112,1
242,140,0
243,115,0
243,25,0
243,35,0
243,24,0
243,112,0
243,66,0
243,70,0
243,51,0
243,53,0
243,61,1
243,130,0
243,22,0
243,31,1
243,21,0
244,71,0
244,16,0
244,133,0
244,39,0
244,1,0
244,75,0
244,3,1
244,53,1
244,130,1
244,64,0
244,63,0
244,30,0
244,103,0
244,35,0
245,50,1
245,49,0
245,4,0
245,120,0
245,21,0
245,53,0
245,28,1
245,72,1
245,59,0
245,123,0
245,31,0
245,131,0
245,8,0
245,29,0
246,54,0
246,119,0
246,56,0
246,126,0
246,55,0
246,17,0
246,11,1
246,68,1
246,2,0
246,10,0
246,89,1
246,42,1
246,97,0
246,62,0
247,85,0
247,95,0
247,22,1
247,76,0
247,122,1
247,35,1
247,62,1
247,99,0
247,138,0
247,46,0
247,69,1
247,110,0
247,115,0
247,78,1
248,91,0
248,19,1
248,139,0
248,51,0
248,6,0
248,122,0
248,26,0
248,81,1
248,94,0
248,29,1
248,12,1
248,34,1
248,46,1
248,102,0
249,100,0
249,20,1
249,61,0
249,134,1
249,106,1
249,12,0
249,116,0
249,70,0
249,63,0
249,120,0
249,23,0
249,105,1
249,98,0
249,72,0
250,20,0
250,60,0
250,102,1
250,91,1
250,131,0
250,71,0
250,90,0
250,93,1
250,139,0
250,81,0
250,13,0
250,119,1
250,67,0
250,3,1
251,1,0
251,76,0
251,101,0
251,107,0
251,22,0
251,109,0
251,117,0
251,94,1
251,66,0
251,118,0
251,55,0
251,74,0
251,82,0
251,6,0
252,109,1
252,92,0
252,140,1
252,8,0
252,66,0
252,9,1
252,15,0
252,67,1
252,139,0
252,71,1
252,25,0
252,60,0
252,75,0
252,95,0
253,93,0
253,90,1
253,59,0
253,127,0
253,70,0
253,107,0
253,96,0
253,8,0
253,65,1
253,33,0
253,134,0
253,52,0
253,118,0
253,116,1
254,32,0
254,124,0
254,31,0
254,66,0
254,120,1
254,11,0
254,111,0
254,92,0
254,41,0
254,116,1
254,112,0
254,93,0
254,104,0
254,20,0
255,41,0
255,32,0
255,111,1
255,135,0
255,125,0
255,99,0
255,140,0
255,118,1
255,130,0
255,93,1
255,5,1
255,91,0
255,45,1
255,49,0
256,69,0
256,70,0
256,36,1
256,89,0
256,30,0
256,77,0
256,120,1
256,73,0
256,46,1
256,119,1
256,14,0
256,79,1
256,116,0
256,83,0
257,96,0
257,136,0
257,94,0
257,116,1
257,38,0
257,122,0
257,78,0
257,126,0
257,121,0
257,104,0
257,113,0
257,59,0
257,44,0
257,65,0
258,66,1
258,54,1
258,85,0
258,68,0
258,110,1
258,26,0
258,52,0
258,34,0
258,30,0
258,60,0
258,88,0
258,39,0
258,116,0
258,100,0
259,131,1
259,11,0
259,6,0
259,90,0
259,96,0
259,100,0
259,120,0
259,95,1
259,43,0
259,139,0
259,64,0
259,130,0
259,22,0
259,54,0
260,101,0
260,86,1
260,36,0
260,52,1
260,136,0
260,107,0
260,82,0
260,90,0
260,64,0
260,95,0
260,116,0
260,53,1
260,8,0
260,13,1
261,92,0
261,61,0
261,66,0
261,124,0
261,53,1
261,32,0
261,109,0
261,13,0
261,55,1
261,22,0
261,94,0
261,25,0
261,128,0
261,41,0
262,29,0
262,124,0
262,136,0
262,87,0
262,118,0
262,12,0
262,27,0
262,32,0
262,59,0
262,48,0
262,45,0
262,78,0
262,47,0
262,131,0
263,9,0
263,140,0
263,112,0
263,73,0
263,80,0
263,25,1
263,24,0
263,17,1
263,30,0
263,79,0
263,91,0
263,98,0
263,11,0
263,27,0
264,121,0
264,100,1
264,70,1
264,63,0
264,116,0
264,79,0
264,35,1
264,117,0
264,74,0
264,38,1
264,45,0
264,122,1
264,39,0
264,124,1
265,82,0
265,28,0
265,139,0
265,138,0
265,118,1
265,33,1
265,95,0
265,22,1
265,52,0
265,32,1
265,97,1
265,109,0
265,100,1
265,42,0
266,68,0
266,83,0
266,28,0
266,89,0
266,124,1
266,127,1
266,67,0
266,112,0
266,39,0
266,77,0
266,23,0
266,80,1
266,59,0
266,21,0
267,43,0
267,39,0
267,81,0
267,128,0
267,133,1
267,58,0
267,106,0
267,127,0
267,41,1
267,53,1
267,60,0
267,98,0
267,67,0
267,33,0
268,58,0
268,104,0
268,52,1
268,103,0
268,115,0
268,59,0
268,123,0
268,98,0
268,109,0
268,40,1
268,73,0
268,53,1
268,4,0
268,75,0
269,89,0
269,80,0
269,120,1
269,10,0
269,18,0
269,22,1
269,76,0
269,95,0
269,94,0
269,87,0
269,97,0
269,85,0
269,121,0
269,32,0
270,25,1
270,77,0
270,97,0
270,140,0
270,29,0
270,12,0
270,84,0
270,87,0
270,110,0
270,88,1
270,119,1
270,137,1
270,96,0
270,40,0
271,115,0
271,133,1
271,23,0
271,129,0
271,97,1
271,85,0
271,38,0
271,74,1
271,31,1
271,83,1
271,50,0
271,19,1
271,103,0
271,67,1
272,13,0
272,70,0
272,137,1
272,81,0
272,123,0
272,11,0
272,57,0
272,101,1
272,19,0
272,41,1
272,131,0
272,33,0
272,125,1
272,139,1
273,23,0
273,30,0
273,67,0
273,139,1
273,104,0
273,120,0
273,116,0
273,100,1
273,110,0
273,14,0
273,102,0
273,50,0
273,58,1
273,99,0
274,47,0
274,131,0
274,112,0
274,56,0
274,30,0
274,63,0
274,90,1
274,3,0
274,95,0
274,31,1
274,36,0
274,1,1
274,66,0
274,64,0
275,110,1
275,133,1
275,93,1
275,5,0
275,37,1
275,46,0
275,76,0
275,81,0
275,91,0
275,138,1
275,92,0
275,10,1
275,16,1
275,121,0
276,110,0
276,135,0
276,116,0
276,38,1
276,36,0
276,48,0
276,16,0
276,44,1
276,138,1
276,5,1
276,62,0
276,11,0
276,124,1
276,101,0
277,104,0
277,36,1
277,136,1
277,118,1
277,126,1
277,64,1
277,10,1
277,77,0
277,97,0
277,111,0
277,1,0
277,112,0
277,24,0
277,74,1
278,140,0
278,103,1
278,128,0
278,35,1
278,78,0
278,47,0
278,105,1
278,97,1
278,139,0
278,116,0
278,110,0
278,16,0
278,114,0
278,120,0
279,23,0
279,67,1
279,90,1
279,55,0
279,42,1
279,101,0
279,108,1
279,21,0
279,110,1
279,112,1
279,50,0
279,106,0
279,117,1
279,113,0
280,47,1
280,11,1
280,20,0
280,112,0
280,13,0
280,124,0
280,84,0
280,62,1
280,90,1
280,79,0
280,116,0
280,105,0
280,52,0
280,137,0
281,28,1
281,80,0
281,76,0
281,123,1
281,118,0
281,30,1
281,14,0
281,5,1
281,38,1
281,33,0
281,130,0
281,101,0
281,87,0
281,82,0
282,33,0
282,10,1
282,127,0
282,51,1
282,68,0
282,132,1
282,32,0
282,20,0
282,114,0
282,44,0
282,118,0
282,49,0
282,129,0
282,67,1
283,50,1
283,69,0
283,72,0
283,111,0
283,20,1
283,8,0
283,78,0
283,76,1
283,86,0
283,37,0
283,110,0
283,132,0
283,15,0
283,47,1
284,7,0
284,77,0
284,12,0
284,52,0
284,114,0
284,119,0
284,14,0
284,92,0
284,120,0
284,78,0
284,125,0
284,83,1
284,110,1
284,70,0
285,91,1
285,130,0
285,119,0
285,47,0
285,40,0
285,134,0
285,100,0
285,110,1
285,70,0
285,131,0
285,112,0
285,3,0
285,127,1
285,66,1
286,121,0
286,133,0
286,130,0
286,60,0
286,77,0
286,112,0
286,27,1
286,102,0
286,79,1
286,38,0
286,21,0
286,116,1
286,105,0
286,96,1
287,6,0
287,88,0
287,82,0
287,135,1
287,51,1
287,45,1
287,137,1
287,133,0
287,29,1
287,98,1
287,3,0
287,57,0
287,117,1
287,89,0
288,87,0
288,140,1
288,128,0
288,83,0
288,103,0
288,76,0
288,59,0
288,74,1
288,24,0
288,73,0
288,63,0
288,98,0
288,126,0
288,1,1
289,20,0
289,43,1
289,16,1
289,129,0
289,85,0
289,117,1
289,134,0
289,74,0
289,24,0
289,112,1
289,2,1
289,111,0
289,105,0
289,69,0
290,10,0
290,139,0
290,119,0
290,47,0
290,106,0
290,27,0
290,96,0
290,99,0
290,128,0
290,69,0
290,112,0
290,9,0
290,77,0
290,8,1
291,111,0
291,58,0
291,13,0
291,29,1
291,45,1
291,121,1
291,2,0
291,89,0
291,52,0
291,43,0
291,4,0
291,60,0
291,107,0
291,73,0
292,67,1
292,112,0
292,16,0
292,138,0
292,34,0
292,28,0
292,111,0
292,12,0
292,129,1
292,135,0
292,2,0
292,32,1
292,55,0
292,123,1
293,127,0
293,94,0
293,15,0
293,6,0
293,42,0
293,135,1
293,43,1
293,104,1
293,128,0
293,90,0
293,83,0
293,24,1
293,140,0
293,118,0
294,39,0
294,21,1
294,78,1
294,67,0
294,10,0
294,113,0
294,79,0
294,86,0
294,58,0
294,131,0
294,101,0
294,52,0
294,95,0
294,135,0
295,66,0
295,32,1
295,24,1
295,100,0
295,85,0
295,68,0
295,6,0
295,87,0
295,129,0
295,49,0
295,72,0
295,113,0
295,27,0
295,134,0
296,30,0
296,123,1
296,83,0
296,107,1
296,134,0
296,87,0
296,62,0
296,132,0
296,121,1
296,47,0
296,81,0
296,128,1
296,23,1
296,70,1
297,110,1
297,13,0
297,22,0
297,77,0
297,82,0
297,140,0
297,78,0
297,104,0
297,67,1
297,91,0
297,138,0
297,47,0
297,66,0
297,127,0
298,134,0
298,99,1
298,22,0
298,55,0
298,57,1
298,44,0
298,139,0
298,37,0
298,29,0
298,92,1
298,114,0
298,40,0
298,112,1
298,9,0
299,68,0
299,80,1
299,62,0
299,94,0
299,126,0
299,13,0
299,36,0
299,72,0
299,99,0
299,97,0
299,125,0
299,138,1
299,7,0
299,139,0
300,98,0
300,117,1
300,23,1
300,118,0
300,130,0
300,114,0
300,138,0
300,14,0
300,27,1
300,55,0
300,107,1
300,5,1
300,53,1
300,104,0
301,6,0
301,12,1
301,2,1
301,37,1
301,49,1
301,105,0
301,53,0
301,85,1
301,134,1
301,101,1
301,97,1
301,91,0
301,104,0
301,106,0
302,72,0
302,14,1
302,114,0
302,63,0
302,118,0
302,43,1
302,104,0
302,42,1
302,34,0
302,100,0
302,128,0
302,57,0
302,76,0
302,75,1
303,121,0
303,35,1
303,66,0
303,52,0
303,44,0
303,46,0
303,36,0
303,31,1
303,94,0
303,18,0
303,112,0
303,124,1
303,5,0
303,51,0
304,136,0
304,38,0
304,133,0
304,49,1
304,40,0
304,121,1
304,106,0
304,139,1
304,129,0
304,123,1
304,125,0
304,116,0
304,122,0
304,45,0
305,106,0
305,45,1
305,70,0
305,6,0
305,101,0
305,12,0
305,95,0
305,42,0
305,118,0
305,116,0
305,117,0
305,47,0
305,1,1
305,119,0
306,122,0
306,11,0
306,36,0
306,4,0
306,24,1
306,125,0
306,83,1
306,6,0
306,57,0
306,82,0
306,77,0
306,94,0
306,81,1
306,91,1
307,46,0
307,137,0
307,8,0
307,91,0
307,60,0
307,25,0
307,50,0
307,19,1
307,68,0
307,43,1
307,113,0
307,121,0
307,11,1
307,134,0
308,108,0
308,14,1
308,131,1
308,137,0
308,21,0
308,57,1
308,35,0
308,23,0
308,19,1
308,28,0
308,20,1
308,65,0
308,6,1
308,135,1
309,91,0
309,13,0
309,64,1
309,96,0
309,37,0
309,94,0
309,124,0
309,57,1
309,132,0
309,71,0
309,88,0
309,108,0
309,17,0
309,138,0
310,16,0
310,138,0
310,4,0
310,37,1
310,118,0
310,129,1
310,19,0
310,119,0
310,125,0
310,117,1
310,139,0
310,112,1
310,105,1
310,63,0
311,127,0
311,29,0
311,137,0
311,108,0
311,46,0
311,103,1
311,133,0
311,86,0
311,109,0
311,71,1
311,117,0
311,102,0
311,15,0
311,80,1
312,9,0
312,78,0
312,37,1
312,83,1
312,50,0
312,128,1
312,60,0
312,98,1
312,52,1
312,114,0
312,110,1
312,36,0
312,48,0
312,94,0
313,67,0
313,113,0
313,57,0
313,43,1
313,116,0
313,12,0
313,75,0
313,114,1
313,61,0
313,78,1
313,86,0
313,66,0
313,8,0
313,70,0
314,64,1
314,99,0
314,66,1
314,87,0
314,36,0
314,126,0
314,121,0
314,88,0
314,27,1
314,96,0
314,70,0
314,21,1
314,11,1
314,103,0
315,123,1
315,54,0
315,89,0
315,129,0
315,58,0
315,114,0
315,15,0
315,131,0
315,33,1
315,73,1
315,128,1
315,137,0
315,138,0
315,11,0
316,60,0
316,51,0
316,7,0
316,121,0
316,80,0
316,74,0
316,56,1
316,62,0
316,108,0
316,130,0
316,46,1
316,133,0
316,30,0
316,55,0
317,8,1
317,29,1
317,21,1
317,121,0
317,103,1
317,13,0
317,69,0
317,102,0
317,64,0
317,38,0
317,108,0
317,87,1
317,82,1
317,71,0
318,74,0
318,9,0
318,23,0
318,52,1
318,22,1
318,113,0
318,56,0
318,126,0
318,19,0
318,33,0
318,44,0
318,93,0
318,47,0
318,38,0
319,122,0
319,29,0
319,127,0
319,28,1
319,130,0
319,138,0
319,77,0
319,65,0
319,11,0
319,113,0
319,86,0
319,126,1
319,6,0
319,103,1
320,20,0
320,104,1
320,77,1
320,21,0
320,75,0
320,126,0
320,81,0
320,18,1
320,84,0
320,123,1
320,69,1
320,5,1
320,2,1
320,87,0
321,66,1
321,11,1
321,32,0
321,4,0
321,140,0
321,56,0
321,72,1
321,31,0
321,22,0
321,103,0
321,58,0
321,115,0
321,137,0
321,43,1
322,10,0
322,126,1
322,110,0
322,51,0
322,133,0
322,61,0
322,137,0
322,14,1
322,4,0
322,56,0
322,113,0
322,103,0
322,19,0
322,9,0
323,132,0
323,52,0
323,80,0
323,67,0
323,84,0
323,45,0
323,66,0
323,40,1
323,100,0
323,131,0
323,15,0
323,25,0
323,103,0
323,133,0
324,91,1
324,112,0
324,84,0
324,21,0
324,33,1
324,122,1
324,11,1
324,23,0
324,20,0
324,134,1
324,72,1
324,7,1
324,132,0
324,88,0
325,75,0
325,121,0
325,84,0
325,83,0
325,37,0
325,120,0
325,29,0
325,5,0
325,118,1
325,34,1
325,3,1
325,51,0
325,110,0
325,32,0
326,31,1
326,38,0
326,93,1
326,27,1
326,62,0
326,22,1
326,17,1
326,54,0
326,51,1
326,30,0
326,136,0
326,118,1
326,8,1
326,123,1
327,35,0
327,116,1
327,49,0
327,4,1
327,24,0
327,57,0
327,126,0
327,111,0
327,95,0
327,7,1
327,60,0
327,36,0
327,105,0
327,43,0
328,112,0
328,23,0
328,97,0
328,73,1
328,67,0
328,54,0
328,66,0
328,40,0
328,135,0
328,31,0
328,61,1
328,42,0
328,96,0
328,34,0
329,31,1
329,121,0
329,126,0
329,137,0
329,91,0
329,85,0
329,8,1
329,51,0
329,140,0
329,120,0
329,109,0
329,88,0
329,34,1
329,65,1
330,99,1
330,79,0
330,47,1
330,23,0
330,95,0
330,131,0
330,102,0
330,86,1
330,115,0
330,89,1
330,35,0
330,42,0
330,129,0
330,91,1
331,30,0
331,2,0
331,23,0
331,79,0
331,21,1
331,62,1
331,98,0
331,95,0
331,96,0
331,136,0
331,38,0
331,109,0
331,129,0
331,101,0
332,42,0
332,89,1
332,29,1
332,123,1
332,39,1
332,127,0
332,7,0
332,82,1
332,56,0
332,18,1
332,116,0
332,6,1
332,113,0
332,5,0
333,116,0
333,62,0
333,95,0
333,64,0
333,65,1
333,87,0
333,103,0
333,128,0
333,119,0
333,54,0
333,53,0
333,88,1
333,83,0
333,32,1
334,133,0
334,117,0
334,100,0
334,129,0
334,84,0
334,130,0
334,21,1
334,86,0
334,10,0
334,1,1
334,24,1
334,80,0
334,105,0
334,137,0
335,114,0
335,18,1
335,60,1
335,85,0
335,59,1
335,31,0
335,8,0
335,83,1
335,72,0
335,24,1
335,56,0
335,63,0
335,123,0
335,34,0
336,75,1
336,125,0
336,70,1
336,139,0
336,88,0
336,136,0
336,99,0
336,28,0
336,91,0
336,131,0
336,9,0
336,74,0
336,33,0
336,124,0
337,129,0
337,22,0
337,43,1
337,112,0
337,66,1
337,128,1
337,136,1
337,37,0
337,31,0
337,117,0
337,35,0
337,74,0
337,131,0
337,100,0
338,33,0
338,93,0
338,2,0
338,15,0
338,73,1
338,63,0
338,24,0
338,121,0
338,94,0
338,21,0
338,99,0
338,96,0
338,122,0
338,67,0
339,50,0
339,15,0
339,119,0
339,55,1
339,25,0
339,67,0
339,35,0
339,98,0
339,138,0
339,32,0
339,12,0
339,79,0
339,115,0
339,136,1
340,68,0
340,63,0
340,2,0
340,23,1
340,5,0
340,119,0
340,9,0
340,62,1
340,131,0
340,93,1
340,124,0
340,86,0
340,51,0
340,33,0
341,82,0
341,120,0
341,97,1
341,69,0
341,65,1
341,129,0
341,25,0
341,101,0
341,5,0
341,85,0
341,134,1
341,140,0
341,26,0
341,93,1
342,27,0
342,86,0
342,42,0
342,120,0
342,24,0
342,131,0
342,25,1
342,85,0
342,108,1
342,90,0
342,45,1
342,100,0
342,128,0
342,71,1
343,111,0
343,118,1
343,19,1
343,28,1
343,15,1
343,139,0
343,53,0
343,22,0
343,23,0
343,65,0
343,63,0
343,67,0
343,30,1
343,70,1
344,58,0
344,1,0
344,110,1
344,63,0
344,94,0
344,59,0
344,51,0
344,71,1
344,46,1
344,140,0
344,77,0
344,28,0
344,5,1
344,92,0
345,1,1
345,30,0
345,9,0
345,41,1
345,122,1
345,27,0
345,87,0
345,6,1
345,123,0
345,136,1
345,102,1
345,82,0
345,83,0
345,2,0
346,133,0
346,50,1
346,60,0
346,90,0
346,79,0
346,101,0
346,126,0
346,103,0
346,39,0
346,28,0
346,107,0
346,137,0
346,83,0
346,104,0
347,35,1
347,6,0
347,63,1
347,27,0
347,110,0
347,12,1
347,26,0
347,87,0
347,36,0
347,49,1
347,81,0
347,66,0
347,139,0
347,5,0
348,6,0
348,4,1
348,8,0
348,122,0
348,11,1
348,107,0
348,50,0
348,125,0
348,46,0
348,73,1
348,12,0
348,54,1
348,16,0
348,84,0
349,81,0
349,31,0
349,58,1
349,7,1
349,98,0
349,68,0
349,57,0
349,93,1
349,20,0
349,123,0
349,129,0
349,86,0
349,120,1
349,99,0
350,35,0
350,120,0
350,54,0
350,40,0
350,114,0
350,45,1
350,17,0
350,47,0
350,100,1
350,125,0
350,65,0
350,116,1
350,67,1
350,48,1
351,90,0
351,10,0
351,82,0
351,43,0
351,53,0
351,105,0
351,41,0
351,23,1
351,126,0
351,116,0
351,5,1
351,14,0
351,106,0
351,130,0
352,119,1
352,100,1
352,139,0
352,38,0
352,140,1
352,70,1
352,26,0
352,11,1
352,3,1
352,112,1
352,121,0
352,104,0
352,93,1
352,18,1
353,52,1
353,20,1
353,43,0
353,112,0
353,63,0
353,34,0
353,69,0
353,44,0
353,79,1
353,122,1
353,8,1
353,18,0
353,132,1
353,75,0
354,64,1
354,127,1
354,51,0
354,115,1
354,52,0
354,70,0
354,83,0
354,128,1
354,42,1
354,61,1
354,5,0
354,1,1
354,78,1
354,118,0
355,15,0
355,53,0
355,131,1
355,78,0
355,57,0
355,123,1
355,3,0
355,84,0
355,106,0
355,51,0
355,81,0
355,90,0
355,68,1
355,48,0
356,96,0
356,20,0
356,115,0
356,75,0
356,133,0
356,54,0
356,37,0
356,38,0
356,32,0
356,44,0
356,4,1
356,124,1
356,109,0
356,89,0
357,9,0
357,37,0
357,61,0
357,132,0
357,71,0
357,103,1
357,133,0
357,104,0
357,105,1
357,101,1
357,28,1
357,75,0
357,82,0
357,125,0
358,76,0
358,52,0
358,8,0
358,42,0
358,67,1
358,63,0
358,37,1
358,97,1
358,127,0
358,59,1
358,117,1
358,86,0
358,65,0
358,51,0
359,1,1
359,56,0
359,65,1
359,98,0
359,49,0
359,3,0
359,104,1
359,63,0
359,119,0
359,136,0
359,10,0
359,64,0
359,25,0
359,50,0
360,90,0
360,28,0
360,39,0
360,136,1
360,88,1
360,102,0
360,140,1
360,37,0
360,123,0
360,57,0
360,126,0
360,31,1
360,125,0
360,24,1
361,10,1
361,34,0
361,2,0
361,77,1
361,88,0
361,53,0
361,80,0
361,95,1
361,66,0
361,90,0
361,93,1
361,116,0
361,85,0
361,19,0
362,78,1
362,79,0
362,87,1
362,103,0
362,49,1
362,36,1
362,70,1
362,72,0
362,127,0
362,110,0
362,135,0
362,19,0
362,94,0
362,136,0
363,92,0
363,45,0
363,14,0
363,106,0
363,123,0
363,9,0
363,60,0
363,15,0
363,109,1
363,53,0
363,42,0
363,127,1
363,10,0
363,16,1
364,94,1
364,27,1
364,5,1
364,75,0
364,136,0
364,86,1
364,21,1
364,52,0
364,71,1
364,37,1
364,99,0
364,2,0
364,20,0
364,43,1
365,89,0
365,106,1
365,41,0
365,34,0
365,81,1
365,107,0
365,124,0
365,48,0
365,63,1
365,86,1
365,82,0
365,72,0
365,14,0
365,94,0
366,14,0
366,88,0
366,66,0
366,118,0
366,130,1
366,55,0
366,93,0
366,6,0
366,4,1
366,79,1
366,138,0
366,87,1
366,54,0
366,90,0
367,107,0
367,126,0
367,127,0
367,79,0
367,106,0
367,9,0
367,12,0
367,83,0
367,120,0
367,30,0
367,17,1
367,32,0
367,99,1
367,26,0
368,32,0
368,100,0
368,2,0
368,75,0
368,61,0
368,105,1
368,29,0
368,30,0
368,129,0
368,96,0
368,15,0
368,62,1
368,3,0
368,48,0
369,65,0
369,140,0
369,85,1
369,120,1
369,106,1
369,104,1
369,102,0
369,30,0
369,23,0
369,126,0
369,110,1
369,54,0
369,31,0
369,45,0
370,80,1
370,1,1
370,3,1
370,86,1
370,46,1
370,114,1
370,137,0
370,71,1
370,63,0
370,61,1
370,53,0
370,20,0
370,58,1
370,131,0
371,30,0
371,99,1
371,122,0
371,85,0
371,72,1
371,27,0
371,134,0
371,135,0
371,1,0
371,77,0
371,6,0
371,92,0
371,82,0
371,59,0
372,22,1
372,46,0
372,7,1
372,91,1
372,39,0
372,87,0
372,17,0
372,2,1
372,3,1
372,67,1
372,119,0
372,105,0
372,113,1
372,123,1
373,42,0
373,19,0
373,45,1
373,29,0
373,130,0
373,93,1
373,44,0
373,85,0
373,8,0
373,79,0
373,54,1
373,83,0
373,115,0
373,16,0
374,92,0
374,31,0
374,42,1
374,120,0
374,23,0
374,67,1
374,90,0
374,61,0
374,45,0
374,4,0
374,56,0
374,8,0
374,68,0
374,124,0
375,29,0
375,81,1
375,128,0
375,18,0
375,101,0
375,39,0
375,65,1
375,60,0
375,95,0
375,46,1
375,80,0
375,44,0
375,85,1
375,73,0
376,94,0
376,128,0
376,90,0
376,136,0
376,93,0
376,108,1
376,81,0
376,25,0
376,35,1
376,59,1
376,110,0
376,67,0
376,48,1
376,66,0
377,86,0
377,95,1
377,34,0
377,35,0
377,98,0
377,93,1
377,103,0
377,47,0
377,20,0
377,30,0
377,9,0
377,76,1
377,81,1
377,128,0
378,16,1
378,77,1
378,75,0
378,64,0
378,55,1
378,19,0
378,117,1
378,119,0
378,114,1
378,2,1
378,108,0
378,122,0
378,37,1
378,86,0
379,19,0
379,78,1
379,28,0
379,9,0
379,52,0
379,89,0
379,43,0
379,94,0
379,96,1
379,104,1
379,45,0
379,3,1
379,125,1
379,11,0
380,70,0
380,30,0
380,110,0
380,66,0
380,113,1
380,35,1
380,22,0
380,96,1
380,81,1
380,128,1
380,25,0
380,129,0
380,33,0
380,134,1
381,75,0
381,120,0
381,42,0
381,2,0
381,47,0
381,134,0
381,14,0
381,96,0
381,77,0
381,8,0
381,40,0
381,78,1
381,114,0
381,12,0
382,59,0
382,79,0
382,31,0
382,1,0
382,54,0
382,75,0
382,70,1
382,33,1
382,63,0
382,122,1
382,56,0
382,12,0
382,64,0
382,98,1
383,86,1
383,51,0
383,135,0
383,136,1
383,77,1
383,44,1
383,103,0
383,18,0
383,107,0
383,139,1
383,93,1
383,2,0
383,134,1
383,27,1
384,55,1
384,56,1
384,10,0
384,40,0
384,66,0
384,85,0
384,101,0
384,94,0
384,103,0
384,23,0
384,22,1
384,114,0
384,6,1
384,137,0
385,17,0
385,39,0
385,69,0
385,29,0
385,51,0
385,130,0
385,126,1
385,14,0
385,64,0
385,90,0
385,65,1
385,105,0
385,118,0
385,94,0
386,59,1
386,116,0
386,88,1
386,21,0
386,12,0
386,10,0
386,119,0
386,31,0
386,123,1
386,60,0
386,139,0
386,62,0
386,138,0
386,140,0
387,45,0
387,79,1
387,30,0
387,27,1
387,129,0
387,15,0
387,73,1
387,98,1
387,121,0
387,2,1
387,41,0
387,72,0
387,74,1
387,92,0
388,126,0
388,20,0
388,50,0
388,128,0
388,98,0
388,46,1
388,40,0
388,24,0
388,22,0
388,127,1
388,82,1
388,26,1
388,83,0
388,47,1
389,133,0
389,60,1
389,106,0
389,99,0
389,123,1
389,61,0
389,26,0
389,16,0
389,48,1
389,44,1
389,79,0
389,36,0
389,62,0
389,45,1
390,76,0
390,36,0
390,114,1
390,75,0
390,87,0
390,83,0
390,31,0
390,25,0
390,119,1
390,98,1
390,4,0
390,85,1
390,112,1
390,71,0
391,21,1
391,105,0
391,106,1
391,116,1
391,77,0
391,111,0
391,22,1
391,41,1
391,67,0
391,8,1
391,11,0
391,9,0
391,37,0
391,96,0
392,56,0
392,9,0
392,42,1
392,130,0
392,101,0
392,112,0
392,34,0
392,12,1
392,69,0
392,19,0
392,49,0
392,90,1
392,35,0
392,1,0
393,88,0
393,81,0
393,106,0
393,110,0
393,66,0
393,132,0
393,67,0
393,68,1
393,4,1
393,20,0
393,137,1
393,135,0
393,101,0
393,130,1
394,114,1
394,60,1
394,82,0
394,73,1
394,105,1
394,122,0
394,39,1
394,115,0
394,91,1
394,113,0
394,84,1
394,2,0
394,21,1
394,27,0
395,127,0
395,132,0
395,48,0
395,45,1
395,24,1
395,89,0
395,84,0
395,37,0
395,53,0
395,57,1
395,46,0
395,102,1
395,68,0
395,26,0
396,61,0
396,56,0
396,104,1
396,62,0
396,111,0
396,130,0
396,102,0
396,45,0
396,118,0
396,122,0
396,98,0
396,76,0
396,129,0
396,47,0
397,56,1
397,66,0
397,36,0
397,37,0
397,124,0
397,38,0
397,83,0
397,130,1
397,40,0
397,18,1
397,97,0
397,21,0
397,125,0
397,111,1
398,44,1
398,35,0
398,140,0
398,76,0
398,17,0
398,98,1
398,59,0
398,112,0
398,23,1
398,124,1
398,138,0
398,38,0
398,110,1
398,3,0
399,14,0
399,1,0
399,105,0
399,64,0
399,84,1
399,88,1
399,72,0
399,79,1
399,33,0
399,71,0
399,100,0
399,113,0
399,132,1
399,137,0
400,127,1
400,120,0
400,111,0
400,135,0
400,104,1
400,94,1
400,13,0
400,105,0
400,122,1
400,21,0
400,97,0
400,48,0
400,5,1
400,117,0
401,20,0
401,12,0
401,91,0
401,127,0
401,56,0
401,77,0
401,109,1
401,29,0
401,10,1
401,126,0
401,103,1
401,117,0
401,51,0
401,112,1
402,62,1
402,25,0
402,18,0
402,15,0
402,47,0
402,84,0
402,97,1
402,34,0
402,112,0
402,137,0
402,140,0
402,43,0
402,92,0
402,12,0
403,73,0
403,105,0
403,51,0
403,121,0
403,136,0
403,101,0
403,21,1
403,17,1
403,41,0
403,86,1
403,57,0
403,3,0
403,53,1
403,124,0
404,70,1
404,49,0
404,100,0
404,58,0
404,79,1
404,117,1
404,28,0
404,106,1
404,75,0
404,3,0
404,13,0
404,27,0
404,89,1
404,73,0
405,6,1
405,4,0
405,5,0
405,25,1
405,30,0
405,35,0
405,99,0
405,3,0
405,47,0
405,103,1
405,68,0
405,59,1
405,19,1
405,1,0
406,45,0
406,124,0
406,80,0
406,11,1
406,93,0
406,6,0
406,42,0
406,91,1
406,134,1
406,31,0
406,76,0
406,109,1
406,1,1
406,72,1
407,12,0
407,2,0
407,119,1
407,59,0
407,7,0
407,55,1
407,36,0
407,124,0
407,40,0
407,33,0
407,51,0
407,111,1
407,68,0
407,16,0
408,84,1
408,64,1
408,11,0
408,98,0
408,132,1
408,109,0
408,73,0
408,138,0
408,97,1
408,107,1
408,5,0
408,29,1
408,130,0
408,65,0
409,21,0
409,66,0
409,80,0
409,53,0
409,47,1
409,103,1
409,16,0
409,41,0
409,120,0
409,109,0
409,78,0
409,81,0
409,79,0
409,37,1
410,79,0
410,19,0
410,94,1
410,127,0
410,120,1
410,14,0
410,61,1
410,53,0
410,38,0
410,62,0
410,36,0
410,138,1
410,47,0
410,103,0
411,8,0
411,49,0
411,77,0
411,30,1
411,12,0
411,26,0
411,137,0
411,34,0
411,98,1
411,37,1
411,54,1
411,104,0
411,63,0
411,125,0
412,28,0
412,123,0
412,74,0
412,10,0
412,92,0
412,100,0
412,72,0
412,58,0
412,27,0
412,76,0
412,46,0
412,62,1
412,112,0
412,38,0
413,45,0
413,58,1
413,4,0
413,21,1
413,59,0
413,52,0
413,97,0
413,102,0
413,25,1
413,53,0
413,77,1
413,56,0
413,15,0
413,115,0
414,19,1
414,5,0
414,83,1
414,122,1
414,67,0
414,98,0
414,22,0
414,50,1
414,115,0
414,136,0
414,87,0
414,37,0
414,49,0
414,88,0
415,63,0
415,64,1
415,82,0
415,120,0
415,102,0
415,97,0
415,66,0
415,69,1
415,56,1
415,85,0
415,13,0
415,101,0
415,17,0
415,73,0
416,40,0
416,37,0
416,48,1
416,42,0
416,125,1
416,16,0
416,91,0
416,65,0
416,95,0
416,81,0
416,68,0
416,45,0
416,90,0
416,93,0
417,30,1
417,88,1
417,84,0
417,54,0
417,69,0
417,56,1
417,73,0
417,124,0
417,28,0
417,40,0
417,3,1
417,126,1
417,79,1
417,113,0
418,4,0
418,51,1
418,70,0
418,74,1
418,2,1
418,137,0
418,130,1
418,34,0
418,10,0
418,85,0
418,84,0
418,69,0
418,127,0
418,19,0
419,39,1
419,36,1
419,108,0
419,86,1
419,119,1
419,45,1
419,42,0
419,106,0
419,94,0
419,26,0
419,105,1
419,112,1
419,30,0
419,33,1
420,108,0
420,105,0
420,35,0
420,140,1
420,54,1
420,91,0
420,102,0
420,79,0
420,132,0
420,45,1
420,27,1
420,8,1
420,22,1
420,51,0
